r10,iso3c,country.name,pop_20202050,pop_19902019,pop_19902050,pop_18502050,pop_18501989,gtco2_18501989,co2_19902019_gt,gdp2017ppp_19902019_pc,gdp2017mer_19902019_pc
AFR,AGO,Angola,1099622369.6932776,605037578,1704659947.6932776,2301906795.6932783,597246848,0.110573018,0.5180617,5626.017871178408,2338.667558443065
AFR,BDI,Burundi,436471127.49889797,232462093,668933220.498898,981096537.4988981,312163317,0.003560049,0.008647532999999999,817.1641514250831,200.79591790836477
AFR,BEN,Benin,481844487.54189336,241505963,723350450.5418935,983939721.5418934,260589271,0.011219103999999999,0.09380502700000001,2194.7033227213733,862.9208042926489
AFR,BFA,Burkina Faso,933574337.1729783,411711915,1345286252.1729782,1847488144.1729784,502201892,0.008721464,0.05506758199999999,1591.87768409769,535.4962877479143
AFR,BWA,Botswana,77789126.52862991,53649097,131438223.5286299,180813713.52862996,49375490,0.014853855999999999,0.12885835599999998,12848.560252066078,5209.534312512714
AFR,CAF,Central African Republic,198168269.6949884,116945927,315114196.6949883,499054269.6949883,183940073,0.005027297,0.006056591999999999,1019.6881084516094,392.66656524092554
AFR,CIV,Cote d'Ivoire,853339422.9462981,551895122,1405234544.9462984,1811405561.9462981,406171017,0.112812729,0.21916530099999998,3060.066993806479,1529.9105394179117
AFR,CMR,Cameroon,899253490.4066314,540230457,1439483947.406632,2041296951.4066305,601813004,0.065955706,0.19448806500000004,2957.3041301496814,1195.47055011406
AFR,COD,Democratic Republic of the Congo,3631732076.582316,1701188217,5332920293.582313,7125997248.582313,1793076955,0.126320151,0.085522159,816.9450672051211,332.6850946061625
AFR,COG,Congo,203254150.9073687,110897117,314151267.9073687,432978331.9073687,118827064,0.023984737000000002,0.126178817,4133.2742425181805,2058.530116866597
AFR,COM,Comoros,34343939.37702106,18443131,52787070.37702106,73477028.37702106,20689958,9.453120000000003e-4,0.004103680000000001,3125.9766641109163,1136.0712184330564
AFR,CPV,Cabo Verde,17466407.325963836,13603463,31069870.325963836,56132699.325963825,25062829,0.0022268710000000005,0.011596559999999997,5030.350332951812,2602.358644437625
AFR,DJI,Djibouti,37989513.02093282,23188418,61177931.02093282,74130145.02093278,12952214,0.006734432000000002,0.011928217,3733.430438465215,1468.18818328353
AFR,DZA,Algeria,1424417460.2132874,1007984345,2432401805.213287,3557223736.2132874,1124821931,1.1505804529999997,3.399801697,11526.972363345583,3275.3487153231586
AFR,EGY,Egypt,3464552156.054413,2281299677,5745851833.054413,8258558262.054412,2512706429,1.330183649,4.9151658970000005,8174.181504081281,1991.0546749927569
AFR,ETH,Ethiopia,4138212450.913408,2311602950,6449815400.913409,9461544166.913406,3011728766,0.04569455300000001,0.19878197,1186.182987761804,368.3507661765089
AFR,GAB,Gabon,64838673.74656393,43623969,108462642.74656394,170530833.74656388,62068191,0.112482137,0.17138365499999997,13989.187209000285,6946.791947114804
AFR,GHA,Ghana,1198266061.5436907,659688139,1857954200.5436907,2533463600.543691,675509400,0.08236177399999998,0.24523618999999997,4070.6757703847393,1124.7791856296553
AFR,GIN,Guinea,433177128.5736273,276185751,709362879.5736271,1054036201.5736271,344673322,0.026882997999999998,0.057005503000000006,2498.1236637231514,609.9087282648777
AFR,GMB,Gambia,86425772.56481059,46983148,133408920.56481063,174392979.5648106,40984059,0.0030447840000000005,0.010801472000000001,2708.958402589105,681.3507154924848
AFR,GNB,Guinea-Bissau,67888610.12283045,41285438,109174048.12283042,168350647.12283045,59176599,0.0032682880000000007,0.006569552,1657.6677486744843,478.40237581327364
AFR,GNQ,Equatorial Guinea,37888839.30683882,23819470,61708309.30683881,87295713.3068388,25587404,0.0019492480000000002,0.125936891,24156.182258386274,10270.10789913612
AFR,KEN,Kenya,2023502215.682824,1109224286,3132726501.682823,4053068879.6828237,920342378,0.13867123900000003,0.324136163,2762.25365998703,921.1990284487362
AFR,LBR,Liberia,261023582.19774234,98410341,359433923.1977424,475732106.1977424,116298183,0.031350277,0.016962615,938.8703261397633,423.08576189162886
AFR,LSO,Lesotho,78543680.60157412,59348726,137892406.60157406,216245922.60157403,78353516,0,0.061712751999999996,2748.982758479411,780.7417873036176
AFR,MAR,Morocco,1136091054.7630236,914527094,2050618148.763024,3203923408.763023,1153305260,0.37904281200000006,1.2939830870000002,6144.381382319111,2427.2808141666433
AFR,MDG,Madagascar,1126108163.415734,554217136,1680325299.4157338,2259254384.4157333,578929085,0.031025749000000005,0.06158863300000002,1463.9961615434875,415.8120033862617
AFR,MLI,Mali,878601864.1235526,393970918,1272572782.123553,1794049710.123553,521476928,0.008854475999999997,0.056543034000000006,1677.790254798785,584.1802232629253
AFR,MOZ,Mozambique,1119617749.1073616,621509322,1741127071.107362,2560408058.107361,819280987,0.083839888,0.08632565099999999,1092.4958632901246,433.22890427769903
AFR,MRT,Mauritania,166460646.5885523,92801424,259262070.58855233,346955193.58855236,87693123,0.020646477,0.052627095,3947.0654032104344,1277.9231304461841
AFR,MUS,Mauritius,44279708.44821126,35946392,80226100.44821127,150199028.44821125,69972928,0.018605792,0.09325979199999998,17247.958839608644,6400.215423254993
AFR,MWI,Malawi,925057204.8409991,390498866,1315556070.840999,1740705960.8409996,425149890,0.018924148,0.029725213,1136.4024302994071,451.25145925061764
AFR,NAM,Namibia,94028488.29105845,58350862,152379350.2910585,209441563.2910585,57062213,0,0.071005018,7937.421719906426,3815.719774555413
AFR,NER,Niger,1097957461.8560903,425740940,1523698401.8560903,1872035529.85609,348337128,0.013362077000000002,0.033027059,1128.350294521975,412.539001747293
AFR,NGA,Nigeria,8787898151.735004,4236040774,13023938925.735006,17563388061.73501,4539449136,1.2586459010000002,2.7786710279999993,3324.0666422422046,1603.2478296943168
AFR,RWA,Rwanda,568135786.262155,267028102,835163888.2621552,1165157070.2621548,329993182,0.008723764,0.019432978,1480.9524545686324,497.2602243960717
AFR,SDN,Sudan,2108280899.9609313,926294072,3034574971.9609313,4044059186.9609313,1009484215,0.10677903999999998,0.329312373,3195.014690722052,1361.3854170654588
AFR,SEN,Senegal,628055783.2285889,339791593,967847376.2285889,1298987019.2285888,331139643,0.061472304,0.175399788,2937.1052907329436,1087.6174169154597
AFR,SLE,Sierra Leone,292920505.85510284,169286087,462206592.85510296,698642629.855103,236436037,0.018305344,0.017238362000000004,1508.455288260414,373.68502704400424
AFR,STP,Sao Tome and Principe,6340579.391195072,4849363,11189942.39119507,19109664.39119507,7919722,8.683680000000002e-4,0.002451216,2971.383341846667,904.1940652131623
AFR,SWZ,Eswatini,44647434.350372955,30469009,75116443.35037296,107806107.35037296,32689664,0.009050080000000002,0.030792256000000004,8330.44562924782,2807.787657946099
AFR,TCD,Chad,625168809.133773,307783256,932952065.1337731,1276785644.133773,343833579,0.004928806000000002,0.032888618999999994,1524.8066676424398,605.6131904055425
AFR,TGO,Togo,279521486.8136847,170205553,449727039.81368476,624131759.8136847,174404720,0.014503129999999996,0.04920320399999999,1663.1429242077224,649.4908565868221
AFR,TUN,Tunisia,382519476.16099143,302270799,684790275.1609913,1109167887.1609917,424377612,0.21250637999999994,0.6848502439999999,9856.541116278155,3145.872336054879
AFR,TZA,United Republic of Tanzania,2493673528.0606904,1147857322,3641530850.06069,4793399383.06069,1151868533,0.063190397,0.168251598,1793.9200475986945,632.7998177404046
AFR,UGA,Uganda,2124268319.1549354,853886685,2978155004.1549354,3763186872.154936,785031868,0.026381081000000004,0.07437691199999999,1611.9571693191058,533.7757379608416
AFR,ZAF,South Africa,1858765681.4080598,1433761151,3292526832.4080586,4886952101.408061,1594425269,8.307818410000001,12.287653545000001,11407.219453772186,5506.239071230426
AFR,ZMB,Zambia,735000484.3885626,364515493,1099515977.3885624,1449772037.3885627,350256060,0.14529527599999997,0.097434666,2357.964295301229,1012.1116470535411
AFR,ZWE,Zimbabwe,414967553.0353138,370509938,785477491.0353138,1146658864.0353136,361181373,0.40698511400000004,0.366607508,3454.366693540957,898.5734557549581
EAS,CHN,China,41945339827.609726,39622920391,81568260218.60973,158166882024.60968,76598621806,40.919759588000005,186.05246088400003,7567.012244208609,3477.3240133732866
EAS,HKG,"Hong Kong SAR, China",263479562.96388638,200277108,463756670.96388644,678210597.9638863,214453927,0.417972163,1.170913125,50167.41424399338,30976.59565941735
EAS,KOR,"Korea, Rep.",1515599931.9825537,1440803773,2956403704.9825535,5360806817.982554,2404403113,2.868750259,14.845354965999999,29904.378328553976,18981.80045159384
EAS,MAC,"Macao SAR, China",21884732.854584474,14515346,36400078.85458447,46062454.85458447,9662376,0.011644192000000001,0.04264529599999999,72379.56825572743,44951.725928025095
EAS,MNG,Mongolia,108641180.9668872,77782483,186423663.96688727,312326178.96688724,125902515,0.15213442400000002,0.5016718189999999,6782.566698291825,2034.4933181407462
EUR,ALB,Albania,100475382.31907904,91482026,191957408.31907904,368448809.31907904,176491401,0.167036836,0.11697374999999999,7327.736976544168,2487.059308711312
EUR,AUT,Austria,279915805.6630031,248190351,528106156.66300297,1397443354.663003,869337198,3.3627665089999996,2.054419676,40995.00062252622,37491.23294710478
EUR,BEL,Belgium,372160932.4808123,319374032,691534964.4808124,1738624549.4808116,1047089585,8.815075002999997,3.502326365,37188.93531941883,35131.38186534954
EUR,BGR,Bulgaria,205841789.56506282,233838807,439680596.5650629,1207148032.5650628,767467436,2.248089812,1.5436509649999997,13557.558179249307,4341.848055298994
EUR,BIH,Bosnia and Herzegovina,108876971.12401399,112253714,221130685.12401396,548155394.124014,327024709,0.46433730800000006,0.4774086,7397.274469821496,2844.905223688128
EUR,CHE,Switzerland,270417962.42947274,225422716,495840678.4294727,1071183241.4294729,575342563,1.7030508149999997,1.287313826,57015.73710299897,62321.02962179948
EUR,CYP,Cyprus,43283381.79648597,22341665,65625046.796486,118427150.79648598,52802104,0.07585489800000002,0.21047856199999998,27601.541057439652,22540.178415285838
EUR,CZE,Czechia,351904575.3538445,312633613,664538188.3538444,1976514504.3538442,1311976316,8.182884457,3.706137253,27235.866339410535,12949.344138031105
EUR,DEU,Germany,2506613421.4865518,2438953956,4945567377.486552,13413286486.486553,8467719109,65.5000881,26.254610733999993,40668.68421438949,35330.49612136073
EUR,DNK,Denmark,192339486.19677594,163186375,355525861.1967757,821505572.196776,465979711,2.4984459860000006,1.5552657140000004,41000.588667405595,45900.22724255676
EUR,ESP,Spain,1573222609.0933459,1302461585,2875684194.093345,6223350929.093347,3347666735,5.992713493,8.614871373,30523.762577995727,23293.260722671497
EUR,EST,Estonia,39902523.87087423,41503667,81406190.87087424,222466750.8708742,141060560,1.0575266200000002,0.5671388060000001,19446.122826929968,10610.458718405314
EUR,FIN,Finland,183318408.67307726,158159905,341478313.6730772,793820950.6730773,452342637,1.435291051,1.7158109999999998,37116.31824252487,36824.560511016374
EUR,FRA,France,2231074382.9314814,1885094340,4116168722.9314814,10080394552.931484,5964225830,26.74937969999999,11.441658657000001,36060.36216999092,33006.18570895513
EUR,GBR,United Kingdom of Great Britain and Northern Ireland,2224688860.3523607,1839133798,4063822658.352362,10294217016.35236,6230394358,58.519219275000005,15.733024906000004,36118.97592618762,34982.75019432071
EUR,GRC,Greece,349705967.8498428,324784604,674490571.8498428,1542141903.8498428,867651332,1.241366337,2.7793888399999997,25590.78888596271,18326.885311770515
EUR,HRV,Croatia,129956419.24176653,132487160,262443579.2417665,700120310.2417662,437676731,0.501038657,0.593631346,17207.058233746953,9408.850691096339
EUR,HUN,Hungary,289230932.80068964,302268042,591498974.8006896,1728726924.8006895,1137227950,3.2574090260000004,1.706829921,19904.63742524921,9419.833946820008
EUR,IRL,Ireland,177200942.69117725,123932546,301133488.6911773,877549947.6911772,576416459,0.976237156,1.214417795,51579.58051128071,44386.947720365104
EUR,ISL,Iceland,13346587.750420656,8916614,22263201.75042066,39216414.75042067,16953213,0.062057908,0.09192925099999999,42645.36096956199,45239.83807645904
EUR,ITA,Italy,1915201459.37146,1752559606,3667761065.371461,9228111619.371458,5560350554,11.43359812,13.004241001000002,35478.266423652814,28740.28484453964
EUR,LTU,Lithuania,90682651.22994556,99259381,189942032.22994554,535256807.22994536,345314775,1.069651033,0.470924317,17546.288647518362,8139.412087228463
EUR,LUX,Luxembourg,22241211.274502374,14270482,36511693.27450237,74613078.27450238,38101385,0.43473721200000004,0.31071090700000004,64879.08587449516,83817.98872497406
EUR,LVA,Latvia,60642542.31586097,68096654,128739196.31586097,400672966.3158611,271933770,0.6728568710000001,0.27073959599999997,16747.204292473387,7955.055252199165
EUR,MKD,North Macedonia,68879427.95661862,61294740,130174167.95661864,281308832.9566185,151134665,0.256845616,0.246875681,10114.5729971334,3446.7357636527436
EUR,MLT,Malta,13758030.501040343,12087835,25845865.501040347,60966624.501040354,35120759,0.029854272,0.072606423,25169.251223182233,17747.311676504185
EUR,MNE,Montenegro,20835059.97844276,18609607,39444666.97844275,98715049.97844279,59270383,0.045835703,0.056477690000000004,12739.552135289585,3801.606692239631
EUR,NLD,Netherlands,559058366.0322248,486198689,1045257055.032225,2130448708.032225,1085191653,6.482175963,5.122676247,44578.316096097085,39423.023470086475
EUR,NOR,Norway,194210621.41907266,141462843,335673464.4190728,717507242.4190726,381833778,1.3213724480000002,1.2650130000000002,63836.08803903368,62523.558047773164
EUR,POL,Poland,1148794989.6253765,1148657107,2297452096.625376,5842133336.625377,3544681240,17.398433791,10.088389150000001,18634.413063358166,8317.748206957398
EUR,PRT,Portugal,343805704.1252537,309469555,653275259.1252536,1584809916.125254,931534657,0.8883532769999999,1.6829822430000005,24892.81861668105,16896.318864788704
EUR,ROU,Romania,596980971.0893915,643749349,1240730320.089392,3202849910.0893908,1962119590,5.41717571,3.091531921,13907.020155875916,5242.965454937998
EUR,SRB,Serbia,294430463.7231024,240832945,535263408.7231027,1141188808.7231028,605925400,1.348489955,1.4148037970000003,10896.059529848584,3862.169519823205
EUR,SVK,Slovakia,173842195.60478738,161890836,335733031.6047874,806483356.6047876,470750325,2.62146136,1.2465720780000002,21277.162838837277,11140.336796635072
EUR,SVN,Slovenia,66618011.99476463,60625836,127243847.99476464,296300543.9947647,169056696,0.381654626,0.46652611499999996,26296.644336170473,17547.04334830296
EUR,SWE,Sweden,351595185.44064754,275445863,627041048.4406475,1464665486.440648,837624438,3.373055133000001,1.5764724730000004,41765.74407971776,42945.325500925945
EUR,TUR,Turkey,2789325650.204935,2033108390,4822434040.204935,7710901779.204935,2888467739,2.253284494,8.232177551000001,17704.23931997054,7364.8479532781785
FSU,ARM,Armenia,87828762.87657051,91854251,179683013.87657052,369450611.8765704,189767598,0.231211366,0.138244189,7100.214084590244,1977.1333886067089
FSU,AZE,Azerbaijan,332188144.72849745,257521388,589709532.7284974,995610619.7284974,405901087,1.3795901440000002,1.047579664,9891.143685437304,3085.671978402415
FSU,BLR,Belarus,271293474.62390655,291254786,562548260.6239066,1442228751.6239064,879680491,2.9404238429999996,1.9520304170000005,14423.315374506841,3725.983905265171
FSU,GEO,Georgia,113955638.18551137,132545623,246501261.18551147,664993999.1855111,418492738,0.428114006,0.22175544600000005,7592.22549214243,2002.8754573967146
FSU,KAZ,Kazakhstan,593785291.681503,486249055,1080034346.6815033,1996953309.6815033,916918963,6.966294123000001,6.477798800000001,15462.45376507724,5575.355929686971
FSU,KGZ,Kyrgyz Republic,194451099.07289043,155780467,350231566.0728906,585992937.0728906,235761371,0.5972059889999999,0.23629422000000003,4323.4912897487975,755.6565424144696
FSU,MDA,Republic of Moldova,85187470.786127,125507263,210694733.78612697,509609236.78612715,298914503,1.081276193,0.251437133,4953.534487195872,1112.2815610826963
FSU,RUS,Russian Federation,4315587931.220561,4369397014,8684984945.22056,20645034470.220562,11960049525,63.974968161000014,50.318704322,18219.098023121413,6763.022656051636
FSU,TJK,Tajikistan,251148293.92177868,208508028,459656321.9217786,687383291.9217787,227726970,0.3404230710000001,0.123669453,2911.8850108120896,565.2899805743041
FSU,TKM,Turkmenistan,189779329.55847427,143797001,333576330.5584743,504951208.5584742,171374878,0.887342419,1.421109151,14227.832624335295,3383.503237001642
FSU,UKR,Ukraine,1260431123.960958,1429151904,2689583027.9609575,7001381342.960958,4311798315,20.148224524,10.25503574,8774.681702764607,2001.2260039369573
FSU,UZB,Uzbekistan,1010873151.0697016,795317158,1806190309.0697012,2719082167.0697017,912891858,2.6814572670000003,3.455078854,7292.645215617868,1248.9967532752519
LAM,ABW,Aruba,4364707.480006744,2788810,7153517.480006744,10604567.480006749,3451050,0.030077333,0.04512948799999999,43332.74364992932,23098.265676642
LAM,ARG,Argentina,1459096533.1535642,1161168322,2620264855.153565,4244383893.1535654,1624119038,3.559369098000001,4.705654099999999,16275.18868125822,8751.850225366203
LAM,BHS,Bahamas,13613424.897558391,9718188,23331612.897558384,35758418.89755839,12426806,0.105860881,0.060917663999999996,32707.861533542826,25927.70483551049
LAM,BLZ,Belize,12899709.62677668,8458370,21358079.626776684,30234321.626776684,8876242,0.004876784000000001,0.013655728,6998.976471493621,5113.751231029146
LAM,BOL,Bolivia (Plurinational State of),404007065.61591405,274867104,678874169.6159139,1068631743.615914,389757574,0.10763683000000002,0.41333777600000005,4950.913965277789,1803.8278793319346
LAM,BRA,Brazil,6974701085.681122,5490123986,12464825071.681124,18646023222.681118,6181198151,4.43350102,11.318097364000002,11732.962800887826,6848.085398666986
LAM,BRB,Barbados,8614740.894684773,8265034,16879774.894684777,44106594.89468477,27226820,0.017334603,0.049052139,18211.614499965683,13190.543873150555
LAM,CHL,Chile,617427924.0862538,482922311,1100350235.0862536,1835652887.0862536,735302652,0.9724028650000003,1.8599772470000002,16451.202735485127,9169.626244826488
LAM,COL,Colombia,1823129282.4212034,1258661828,3081791110.4212036,4458288086.421203,1376496976,1.2461047190000003,2.104513194,10428.177461380834,4435.092536170744
LAM,CRI,Costa Rica,188973463.80384377,125711390,314684853.8038438,428474725.80384386,113789872,0.056763325999999996,0.18871245500000006,12853.83602671166,6787.400166260746
LAM,DOM,Dominican Republic,379996084.0196493,269977102,649973186.0196494,909557891.0196494,259584705,0.157093992,0.563766285,10910.737304977998,4420.780783961769
LAM,ECU,Ecuador,576235544.3241425,411871604,988107148.3241425,1410778431.3241422,422671283,0.301401542,0.8838641300000002,8560.655144424572,3822.0484928476826
LAM,GRD,Grenada,3526585.9479507725,3130682,6657267.947950773,16285116.947950773,9627849,0.0015572000000000003,0.006408336,9526.465708365422,6306.064462536824
LAM,GTM,Guatemala,668412784.9899824,393576961,1061989745.9899824,1445221912.9899826,383232167,0.097041747,0.326634017,6293.834277481375,2553.810332979568
LAM,GUY,Guyana,23828745.31993802,22649360,46478105.31993798,99445528.31993799,52967423,0.045074527999999996,0.05363137500000001,7298.524977206172,2841.8216949655543
LAM,HND,Honduras,326491226.0582849,220506817,546998043.0582848,734756303.0582849,187758260,0.04989597299999998,0.20138257400000006,4164.948143112567,1631.6561958281993
LAM,HTI,Haiti,375832051.5850573,274163668,649995719.5850574,1026561498.5850575,376565779,0.019190057999999996,0.053982232,1765.4534244247036,912.983755538129
LAM,JAM,Jamaica,88725927.23195589,81342378,170068305.23195592,324302459.23195595,154234154,0.173801967,0.271453748,6820.688731470636,3906.595157665975
LAM,LCA,St. Lucia,6330831.133325261,4885082,11215913.133325264,20489156.133325264,9273243,0.002498848,0.011420688000000003,10980.182556420943,7504.589664797618
LAM,MEX,Mexico,4334319551.852737,3172749096,7507068647.852737,11004667497.852737,3497598850,7.0080840150000014,12.688341271000004,15873.474659087886,7866.381107255841
LAM,NIC,Nicaragua,211694111.67295793,161834524,373528635.672958,538923507.672958,165394872,0.052554321,0.119199543,4368.30203225441,1321.0918281298186
LAM,PAN,Panama,144283817.94686526,99567831,243851648.94686526,341521012.94686514,97669364,0.082632857,0.21675663400000003,16128.317702613458,7827.972337447102
LAM,PER,Peru,1032613681.3407274,822837225,1855450906.3407273,2842828608.340727,987377702,0.801449555,1.040246366,7974.34089257447,3887.3635828117426
LAM,PRY,Paraguay,270528195.0086854,171286985,441815180.0086856,607111165.0086852,165295985,0.03250693599999999,0.137207373,8588.52708602612,3359.776463452657
LAM,SLV,El Salvador,195837974.5357534,179247419,375085393.5357534,626546825.5357536,251461432,0.055201923,0.17102871299999997,4332.010178370755,2557.3892336156873
LAM,SUR,Suriname,19370895.250331722,14896970,34267865.250331715,59593496.250331715,25325631,0.049160897999999995,0.06531117900000001,10707.988487051603,4789.904505024028
LAM,TTO,Trinidad and Tobago,41314187.717395,39051785,80365972.71739498,148994518.71739498,68628546,0.551724061,0.9807358619999998,22001.320375184194,11876.502436922041
LAM,URY,Uruguay,106041532.97509746,99481616,205523148.9750974,416946690.97509724,211423542,0.186834274,0.17847790000000002,14746.84618958894,9686.017809932026
LAM,VCT,St. Vincent and the Grenadines,3357494.6022590576,3253514,6611008.602259057,14870699.602259059,8259691,0.001157824,0.005591264,9046.536364940723,5184.92710036939
LAM,VEN,Venezuela (Bolivarian Republic of),1168696873.8063173,771896807,1940593680.8063173,2697320084.8063173,756726404,3.107706356,4.324674584,10194.187613283319,8802.02405611001
MEA,ARE,United Arab Emirates,439086998.34815454,165013999,604100997.3481544,632729003.3481544,28628006,0.773395789,3.998619267000001,87366.63798142363,38078.46091368201
MEA,BHR,Bahrain,79033814.30517904,28463572,107497386.30517906,126958141.30517907,19460755,0.22579333699999998,0.672233511,39659.26465451832,18921.07814083141
MEA,IRN,"Iran, Islamic Rep.",2770242974.7556324,2083246432,4853489406.755631,7183607170.7556305,2330117764,4.3479894230000005,13.447038263,12026.250249147193,3868.172632943961
MEA,IRQ,Iraq,1693665282.149393,811136034,2504801316.1493926,3203239410.149393,698438094,1.1564308330000002,3.147959107,9354.51558051328,3572.923694038753
MEA,ISR,Israel,369201730.1794859,196000576,565202306.179486,726783754.179486,161581448,0.5927354860000003,1.7260800790000004,33165.02542287172,29772.58306103928
MEA,JOR,Jordan,337700790.5591394,191321623,529022413.5591394,622597790.5591393,93575377,0.119613027,0.555676092,7893.760407491291,2983.2340232428955
MEA,KWT,Kuwait,149146766.2379881,78388293,227535059.23798814,276256676.2379882,48721617,0.7446553069999999,2.1238266949999995,63630.68681537688,30757.322935229357
MEA,LBN,Lebanon,155783814.00687382,140114702,295898516.00687385,460575324.0068739,164676808,0.17787933400000003,0.5279862900000001,11579.281196199436,5801.378529349496
MEA,OMN,Oman,135743727.10542846,87012571,222756298.10542843,295807311.10542846,73051013,0.130747191,1.135124862,31935.503005149105,14795.258376642936
MEA,PSE,State of Palestine,170726093.402129,106465093,277191186.40212893,365164055.40212905,87972869,0,0.056828602000000006,4546.643520006248,2109.9385128983076
MEA,QAT,Qatar,101132569.80087174,39085141,140217710.80087176,148761573.80087173,8543863,0.281790806,1.7171823929999996,114883.77603552556,59220.68216823396
MEA,SAU,Saudi Arabia,1396929600.7980902,729649789,2126579389.7980902,2666058479.7980895,539479090,2.981311787,12.709816628,39069.27986859186,16093.148959254433
MEA,SYR,Syrian Arab Republic,892517475.6808342,514273213,1406790688.680834,1890446995.6808343,483656307,0.4743712379999999,1.393469754,4108.526207902671,4592.392844211768
MEA,YEM,"Yemen, Rep.",1369690670.5005805,604977823,1974668493.5005803,2610051133.5005803,635382640,0.157134948,0.4966096460000001,2459.9920205463463,909.5880435523596
NAM,CAN,Canada,1329227435.998033,968615202,2297842637.998033,3825094180.9980316,1527251543,16.707796783,16.297072557000003,43172.48858334561,35427.39999241777
NAM,USA,United States,11496583104.0375,8778135978,20274719082.037495,36688705972.0375,16413986890,243.923294055,168.016940336,51693.52663677774,43445.83103825326
PAO,AUS,Australia,964682017.8331103,618023271,1582705288.8331106,2485512577.833111,902807289,7.190636693,10.918050208,43931.48030221988,38814.97464590756
PAO,JPN,Japan,3641364732.423434,3821864397,7463229129.423433,16612988913.42343,9149759784,27.655774752000006,36.923414597000004,37667.15431164995,37687.00235452238
PAO,NZL,New Zealand,168542151.44568214,123115708,291657859.44568217,491632879.44568205,199975020,0.8525155000000001,0.9958883310000002,32202.257271062437,27713.793373928245
PAS,BRN,Brunei Darussalam,17035718.83423046,10652323,27688041.834230457,35351437.83423045,7663396,0.155951835,0.212294297,72962.35939715919,26615.42968036202
PAS,FJI,Fiji,29730863.77859156,24659126,54389989.778591566,91847704.77859159,37457715,0.017923713,0.029735895000000002,8413.253713794946,3627.9995943528297
PAS,IDN,Indonesia,8698096452.563686,6774047237,15472143689.563686,24370467654.563686,8898323965,2.7489286639999992,11.012393449,6712.687514803641,2074.1783995511246
PAS,KHM,Cambodia,525444532.35547686,390099902,915544434.3554769,1449319720.3554776,533775286,0.011418824999999997,0.136609684,2360.464408858817,709.5516298337527
PAS,LAO,Lao People's Democratic Republic,248199406.40793324,171918435,420117841.40793324,633746345.4079326,213628504,0.007536848000000001,0.125940365,3990.2568868677827,1052.7384657060175
PAS,MMR,Myanmar,1571653509.6488404,1447487301,3019140810.64884,5055227572.64884,2036086762,0.19472943199999995,0.374251749,2555.4335898950144,525.7978475204271
PAS,MYS,Malaysia,1197335919.814079,758244787,1955580706.8140788,2640167732.8140798,684587026,0.76948123,4.8806970419999995,17900.947789503232,7074.55901072681
PAS,PHL,Philippines,4067999061.6521997,2555940548,6623939609.6522,9006048645.6522,2382109036,0.86161255,2.3927768460000003,5695.9698916478865,1906.204575309131
PAS,SGP,Singapore,192458823.3090391,133532267,325991090.3090391,439842279.3090391,113851189,0.631179498,1.3953133200000003,56358.50201706304,39100.794428569825
PAS,THA,Thailand,2303438227.223741,1929139441,4232577668.223741,6639529684.223741,2406952016,0.852391861,6.110418416999999,11445.442880896446,3901.027904805378
PAS,VNM,Vietnam,3178051111.38524,2496315685,5674366796.385241,8836550906.385242,3162184110,0.7180656169999999,3.2457158909999997,3898.099183241922,1265.36217480714
SAS,BGD,Bangladesh,5718931179.219437,4069019520,9787950699.219437,15276020818.21944,5488070119,0.19581207300000003,1.2796537270000001,2442.488543898654,792.3897333356639
SAS,BTN,Bhutan,32746629.399046246,19070092,51816721.39904624,92781285.39904624,40964564,0.001080838,0.017159968,6809.619638858946,1642.5021308640708
SAS,IND,India,48954623652.176796,33951533133,82906156785.17674,136612356052.17677,53706199267,10.427429139000001,41.387852927000004,3643.206343302777,991.101422769143
SAS,LKA,Sri Lanka,729898270.9979566,583734222,1313632492.9979563,2251611546.9979563,937979054,0.117993819,0.35790626700000006,7547.798185391467,2031.1371055420595
SAS,MDV,Maldives,13319523.891059835,10120017,23439540.891059835,35153994.891059816,11714454,7.950880000000001e-4,0.022431008000000002,14615.081746643496,5651.97098910441
SAS,NPL,Nepal,1331329641.2473788,741339105,2072668746.2473788,3126878508.247379,1054209762,0.012249378,0.13558945,1990.2070464054032,506.9105352330173
SAS,PAK,Pakistan,7865754548.538836,4788746534,12654501082.538834,17379285115.538837,4724784033,0.9219247570000002,3.9089334279999997,3738.9325743440986,925.124665132777
