country.name,iso3c,r10,gtco2_18501989
Angola,AGO,AFR,0.110573018
Burundi,BDI,AFR,0.003560049
Benin,BEN,AFR,0.011219103999999999
Burkina Faso,BFA,AFR,0.008721464
Botswana,BWA,AFR,0.014853855999999999
Central African Republic,CAF,AFR,0.005027297
Cote d'Ivoire,CIV,AFR,0.112812729
Cameroon,CMR,AFR,0.065955706
Democratic Republic of the Congo,COD,AFR,0.126320151
Congo,COG,AFR,0.023984737000000002
Comoros,COM,AFR,9.453120000000003e-4
Cabo Verde,CPV,AFR,0.0022268710000000005
Djibouti,DJI,AFR,0.006734432000000002
Algeria,DZA,AFR,1.1505804529999997
Egypt,EGY,AFR,1.330183649
Eritrea,ERI,AFR,6.9051e-5
Ethiopia,ETH,AFR,0.04569455300000001
Gabon,GAB,AFR,0.112482137
Ghana,GHA,AFR,0.08236177399999998
Guinea,GIN,AFR,0.026882997999999998
Gambia,GMB,AFR,0.0030447840000000005
Guinea-Bissau,GNB,AFR,0.0032682880000000007
Equatorial Guinea,GNQ,AFR,0.0019492480000000002
Kenya,KEN,AFR,0.13867123900000003
Liberia,LBR,AFR,0.031350277
Libya,LBY,AFR,0.6004237560000001
Lesotho,LSO,AFR,0
Morocco,MAR,AFR,0.37904281200000006
Madagascar,MDG,AFR,0.031025749000000005
Mali,MLI,AFR,0.008854475999999997
Mozambique,MOZ,AFR,0.083839888
Mauritania,MRT,AFR,0.020646477
Mauritius,MUS,AFR,0.018605792
Malawi,MWI,AFR,0.018924148
Namibia,NAM,AFR,0
Niger,NER,AFR,0.013362077000000002
Nigeria,NGA,AFR,1.2586459010000002
Rwanda,RWA,AFR,0.008723764
Sudan,SDN,AFR,0.10677903999999998
Senegal,SEN,AFR,0.061472304
Saint Helena,SHN,AFR,4.763200000000001e-5
Sierra Leone,SLE,AFR,0.018305344
Somalia,SOM,AFR,0.014189824000000002
South Sudan,SSD,AFR,0.009709935000000001
Sao Tome and Principe,STP,AFR,8.683680000000002e-4
Eswatini,SWZ,AFR,0.009050080000000002
Seychelles,SYC,AFR,0.0021068
Chad,TCD,AFR,0.004928806000000002
Togo,TGO,AFR,0.014503129999999996
Tunisia,TUN,AFR,0.21250637999999994
United Republic of Tanzania,TZA,AFR,0.063190397
Uganda,UGA,AFR,0.026381081000000004
South Africa,ZAF,AFR,8.307818410000001
Zambia,ZMB,AFR,0.14529527599999997
Zimbabwe,ZWE,AFR,0.40698511400000004
China,CHN,EAS,40.919759588000005
"Hong Kong SAR, China",HKG,EAS,0.417972163
"Korea, Rep.",KOR,EAS,2.868750259
"Macao SAR, China",MAC,EAS,0.011644192000000001
Mongolia,MNG,EAS,0.15213442400000002
"Korea, Dem. People's Rep.",PRK,EAS,3.155666146
"Taiwan, China",TWN,EAS,1.804617297
Albania,ALB,EUR,0.167036836
Andorra,AND,EUR,0
Austria,AUT,EUR,3.3627665089999996
Belgium,BEL,EUR,8.815075002999997
Bulgaria,BGR,EUR,2.248089812
Bosnia and Herzegovina,BIH,EUR,0.46433730800000006
Switzerland,CHE,EUR,1.7030508149999997
Cyprus,CYP,EUR,0.07585489800000002
Czechia,CZE,EUR,8.182884457
Germany,DEU,EUR,65.5000881
Denmark,DNK,EUR,2.4984459860000006
Spain,ESP,EUR,5.992713493
Estonia,EST,EUR,1.0575266200000002
Finland,FIN,EUR,1.435291051
France,FRA,EUR,26.74937969999999
Faroe Islands,FRO,EUR,0.010380112
United Kingdom of Great Britain and Northern Ireland,GBR,EUR,58.519219275000005
Greece,GRC,EUR,1.241366337
Greenland,GRL,EUR,0.014582720000000004
Croatia,HRV,EUR,0.501038657
Hungary,HUN,EUR,3.2574090260000004
Ireland,IRL,EUR,0.976237156
Iceland,ISL,EUR,0.062057908
Italy,ITA,EUR,11.43359812
Liechtenstein,LIE,EUR,0.003311345
Lithuania,LTU,EUR,1.069651033
Luxembourg,LUX,EUR,0.43473721200000004
Latvia,LVA,EUR,0.6728568710000001
North Macedonia,MKD,EUR,0.256845616
Malta,MLT,EUR,0.029854272
Montenegro,MNE,EUR,0.045835703
Netherlands,NLD,EUR,6.482175963
Norway,NOR,EUR,1.3213724480000002
Poland,POL,EUR,17.398433791
Portugal,PRT,EUR,0.8883532769999999
Romania,ROU,EUR,5.41717571
Serbia,SRB,EUR,1.348489955
Slovakia,SVK,EUR,2.62146136
Slovenia,SVN,EUR,0.381654626
Sweden,SWE,EUR,3.373055133000001
Turkey,TUR,EUR,2.253284494
Armenia,ARM,FSU,0.231211366
Azerbaijan,AZE,FSU,1.3795901440000002
Belarus,BLR,FSU,2.9404238429999996
Georgia,GEO,FSU,0.428114006
Kazakhstan,KAZ,FSU,6.966294123000001
Kyrgyz Republic,KGZ,FSU,0.5972059889999999
Republic of Moldova,MDA,FSU,1.081276193
Russian Federation,RUS,FSU,63.974968161000014
Tajikistan,TJK,FSU,0.3404230710000001
Turkmenistan,TKM,FSU,0.887342419
Ukraine,UKR,FSU,20.148224524
Uzbekistan,UZB,FSU,2.6814572670000003
Aruba,ABW,LAM,0.030077333
Anguilla,AIA,LAM,0
Argentina,ARG,LAM,3.559369098000001
Antigua and Barbuda,ATG,LAM,0.010361792000000003
"Bonaire, Sint Eustatius and Saba",BES,LAM,0.005847131
Bahamas,BHS,LAM,0.105860881
Belize,BLZ,LAM,0.004876784000000001
Bermuda,BMU,LAM,0.011739456
Bolivia (Plurinational State of),BOL,LAM,0.10763683000000002
Brazil,BRA,LAM,4.43350102
Barbados,BRB,LAM,0.017334603
Chile,CHL,LAM,0.9724028650000003
Colombia,COL,LAM,1.2461047190000003
Costa Rica,CRI,LAM,0.056763325999999996
Cuba,CUB,LAM,0.8215147680000002
Curaçao,CUW,LAM,0.4362470560000002
Dominica,DMA,LAM,9.306560000000002e-4
Dominican Republic,DOM,LAM,0.157093992
Ecuador,ECU,LAM,0.301401542
Grenada,GRD,LAM,0.0015572000000000003
Guatemala,GTM,LAM,0.097041747
Guyana,GUY,LAM,0.045074527999999996
Honduras,HND,LAM,0.04989597299999998
Haiti,HTI,LAM,0.019190057999999996
Jamaica,JAM,LAM,0.173801967
St. Kitts and Nevis,KNA,LAM,0.0011431680000000002
St. Lucia,LCA,LAM,0.002498848
Mexico,MEX,LAM,7.0080840150000014
Montserrat,MSR,LAM,4.5799999999999997e-4
Nicaragua,NIC,LAM,0.052554321
Panama,PAN,LAM,0.082632857
Peru,PER,LAM,0.801449555
Paraguay,PRY,LAM,0.03250693599999999
El Salvador,SLV,LAM,0.055201923
Saint Pierre and Miquelon,SPM,LAM,0.0016378080000000006
Suriname,SUR,LAM,0.049160897999999995
Sint Maarten (Dutch part),SXM,LAM,0.048302409000000004
Turks and Caicos Islands,TCA,LAM,0
Trinidad and Tobago,TTO,LAM,0.551724061
Uruguay,URY,LAM,0.186834274
St. Vincent and the Grenadines,VCT,LAM,0.001157824
Venezuela (Bolivarian Republic of),VEN,LAM,3.107706356
British Virgin Islands,VGB,LAM,8.097439999999998e-4
United Arab Emirates,ARE,MEA,0.773395789
Bahrain,BHR,MEA,0.22579333699999998
"Iran, Islamic Rep.",IRN,MEA,4.3479894230000005
Iraq,IRQ,MEA,1.1564308330000002
Israel,ISR,MEA,0.5927354860000003
Jordan,JOR,MEA,0.119613027
Kuwait,KWT,MEA,0.7446553069999999
Lebanon,LBN,MEA,0.17787933400000003
Oman,OMN,MEA,0.130747191
State of Palestine,PSE,MEA,0
Qatar,QAT,MEA,0.281790806
Saudi Arabia,SAU,MEA,2.981311787
Syrian Arab Republic,SYR,MEA,0.4743712379999999
"Yemen, Rep.",YEM,MEA,0.157134948
Canada,CAN,NAM,16.707796783
United States,USA,NAM,243.923294055
Australia,AUS,PAO,7.190636693
Christmas Island,CXR,PAO,0.001330032
Japan,JPN,PAO,27.655774752000006
New Zealand,NZL,PAO,0.8525155000000001
Brunei Darussalam,BRN,PAS,0.155951835
Cook Islands,COK,PAS,5.09296e-4
Fiji,FJI,PAS,0.017923713
"Micronesia, Fed. Sts.",FSM,PAS,0
Indonesia,IDN,PAS,2.7489286639999992
Cambodia,KHM,PAS,0.011418824999999997
Kiribati,KIR,PAS,6.595199999999997e-4
Lao People's Democratic Republic,LAO,PAS,0.007536848000000001
Marshall Islands,MHL,PAS,0
Myanmar,MMR,PAS,0.19472943199999995
Malaysia,MYS,PAS,0.76948123
New Caledonia,NCL,PAS,0.054376475
Niue,NIU,PAS,7.327999999999998e-5
Nauru,NRU,PAS,0.0025977759999999996
Philippines,PHL,PAS,0.86161255
Palau,PLW,PAS,0
Papua New Guinea,PNG,PAS,0.038724815999999995
French Polynesia,PYF,PAS,0.008331936
Singapore,SGP,PAS,0.631179498
Solomon Islands,SLB,PAS,0.0023742719999999998
Thailand,THA,PAS,0.852391861
Timor-Leste,TLS,PAS,0
Tonga,TON,PAS,9.892800000000002e-4
Tuvalu,TUV,PAS,0
Vietnam,VNM,PAS,0.7180656169999999
Vanuatu,VUT,PAS,0.0016304799999999995
Wallis and Futuna Islands,WLF,PAS,0
Samoa,WSM,PAS,0.0016341440000000001
Afghanistan,AFG,SAS,0.056579165999999986
Bangladesh,BGD,SAS,0.19581207300000003
Bhutan,BTN,SAS,0.001080838
India,IND,SAS,10.427429139000001
Sri Lanka,LKA,SAS,0.117993819
Maldives,MDV,SAS,7.950880000000001e-4
Nepal,NPL,SAS,0.012249378
Pakistan,PAK,SAS,0.9219247570000002
