iamc_r10,year,CO2
AFR,1750,0
AFR,1751,0
AFR,1752,0
AFR,1753,0
AFR,1754,0
AFR,1755,0
AFR,1756,0
AFR,1757,0
AFR,1758,0
AFR,1759,0
AFR,1760,0
AFR,1761,0
AFR,1762,0
AFR,1763,0
AFR,1764,0
AFR,1765,0
AFR,1766,0
AFR,1767,0
AFR,1768,0
AFR,1769,0
AFR,1770,0
AFR,1771,0
AFR,1772,0
AFR,1773,0
AFR,1774,0
AFR,1775,0
AFR,1776,0
AFR,1777,0
AFR,1778,0
AFR,1779,0
AFR,1780,0
AFR,1781,0
AFR,1782,0
AFR,1783,0
AFR,1784,0
AFR,1785,0
AFR,1786,0
AFR,1787,0
AFR,1788,0
AFR,1789,0
AFR,1790,0
AFR,1791,0
AFR,1792,0
AFR,1793,0
AFR,1794,0
AFR,1795,0
AFR,1796,0
AFR,1797,0
AFR,1798,0
AFR,1799,0
AFR,1800,0
AFR,1801,0
AFR,1802,0
AFR,1803,0
AFR,1804,0
AFR,1805,0
AFR,1806,0
AFR,1807,0
AFR,1808,0
AFR,1809,0
AFR,1810,0
AFR,1811,0
AFR,1812,0
AFR,1813,0
AFR,1814,0
AFR,1815,0
AFR,1816,0
AFR,1817,0
AFR,1818,0
AFR,1819,0
AFR,1820,0
AFR,1821,0
AFR,1822,0
AFR,1823,0
AFR,1824,0
AFR,1825,0
AFR,1826,0
AFR,1827,0
AFR,1828,0
AFR,1829,0
AFR,1830,0
AFR,1831,0
AFR,1832,0
AFR,1833,0
AFR,1834,0
AFR,1835,0
AFR,1836,0
AFR,1837,0
AFR,1838,0
AFR,1839,0
AFR,1840,0
AFR,1841,0
AFR,1842,0
AFR,1843,0
AFR,1844,0
AFR,1845,0
AFR,1846,0
AFR,1847,0
AFR,1848,0
AFR,1849,0
AFR,1850,0
AFR,1851,0
AFR,1852,0
AFR,1853,0
AFR,1854,0
AFR,1855,0
AFR,1856,0
AFR,1857,0
AFR,1858,0
AFR,1859,0
AFR,1860,0
AFR,1861,0
AFR,1862,0
AFR,1863,0
AFR,1864,0
AFR,1865,0
AFR,1866,0
AFR,1867,0
AFR,1868,0
AFR,1869,0
AFR,1870,0
AFR,1871,0
AFR,1872,0
AFR,1873,0
AFR,1874,0
AFR,1875,0
AFR,1876,0
AFR,1877,0
AFR,1878,0
AFR,1879,0
AFR,1880,0
AFR,1881,0
AFR,1882,0
AFR,1883,0
AFR,1884,2.1984e-5
AFR,1885,3.664e-5
AFR,1886,4.7632e-5
AFR,1887,4.7632e-5
AFR,1888,8.0608e-5
AFR,1889,1.31904e-4
AFR,1890,2.96784e-4
AFR,1891,2.96784e-4
AFR,1892,4.7998400000000003e-4
AFR,1893,0.001799024
AFR,1894,0.002432896
AFR,1895,0.003337904
AFR,1896,0.004257568
AFR,1897,0.004777856
AFR,1898,0.006049264
AFR,1899,0.005517984
AFR,1900,0.002330304
AFR,1901,0.003909488
AFR,1902,0.00582576
AFR,1903,0.00789592
AFR,1904,0.008910847999999999
AFR,1905,0.010262864000000002
AFR,1906,0.011717472
AFR,1907,0.012930256000000001
AFR,1908,0.013402912
AFR,1909,0.015385135999999999
AFR,1910,0.017411328
AFR,1911,0.016865392
AFR,1912,0.0179536
AFR,1913,0.019606064
AFR,1914,0.019551104
AFR,1915,0.019606064000000003
AFR,1916,0.023255408
AFR,1917,0.025343888000000002
AFR,1918,0.024724671999999996
AFR,1919,0.025442816
AFR,1920,0.028051584
AFR,1921,0.027985632
AFR,1922,0.023969888
AFR,1923,0.029044528
AFR,1924,0.03063104
AFR,1925,0.032184576
AFR,1926,0.034437936
AFR,1927,0.033840704
AFR,1928,0.034770319
AFR,1929,0.035801618
AFR,1930,0.033695674
AFR,1931,0.029463712000000003
AFR,1932,0.026622752000000003
AFR,1933,0.02849113
AFR,1934,0.032539280000000004
AFR,1935,0.035909541999999996
AFR,1936,0.039015954
AFR,1937,0.041844264
AFR,1938,0.044013164
AFR,1939,0.046838391
AFR,1940,0.04964191900000001
AFR,1941,0.054019826
AFR,1942,0.058811982
AFR,1943,0.060105091
AFR,1944,0.066614738
AFR,1945,0.067527186
AFR,1946,0.068159365
AFR,1947,0.067934744
AFR,1948,0.071733138
AFR,1949,0.077323523
AFR,1950,0.09463170400000001
AFR,1951,0.100848987
AFR,1952,0.11004954100000001
AFR,1953,0.11164096
AFR,1954,0.117120014
AFR,1955,0.128830647
AFR,1956,0.13463211
AFR,1957,0.141112277
AFR,1958,0.148127492
AFR,1959,0.147207123
AFR,1960,0.155677204
AFR,1961,0.16059659
AFR,1962,0.16505714400000002
AFR,1963,0.174623251
AFR,1964,0.192678538
AFR,1965,0.21227821600000002
AFR,1966,0.218088437
AFR,1967,0.218053294
AFR,1968,0.22684632000000002
AFR,1969,0.24187708000000002
AFR,1970,0.26966934200000003
AFR,1971,0.309598612
AFR,1972,0.335925006
AFR,1973,0.362665248
AFR,1974,0.378194364
AFR,1975,0.374783399
AFR,1976,0.40138017400000003
AFR,1977,0.411717115
AFR,1978,0.440411596
AFR,1979,0.472228908
AFR,1980,0.507677317
AFR,1981,0.519218645
AFR,1982,0.540037506
AFR,1983,0.563052796
AFR,1984,0.619940031
AFR,1985,0.633333986
AFR,1986,0.6543570799999999
AFR,1987,0.65587803
AFR,1988,0.686924231
AFR,1989,0.659221681
AFR,1990,0.6203940130000001
AFR,1991,0.643919416
AFR,1992,0.628668031
AFR,1993,0.666882717
AFR,1994,0.737002182
AFR,1995,0.787987813
AFR,1996,0.816282327
AFR,1997,0.8401312519999999
AFR,1998,0.85900729
AFR,1999,0.847576796
AFR,2000,0.874937387
AFR,2001,0.864420134
AFR,2002,0.8445582490000001
AFR,2003,0.930712035
AFR,2004,0.985353671
AFR,2005,0.999874251
AFR,2006,1.033914027
AFR,2007,1.0683673120000001
AFR,2008,1.119443445
AFR,2009,1.116930444
AFR,2010,1.1514113
AFR,2011,1.196333747
AFR,2012,1.197590235
AFR,2013,1.218942987
AFR,2014,1.281124503
AFR,2015,1.261630119
AFR,2016,1.300377362
AFR,2017,1.313037226
AFR,2018,1.299446408
AFR,2019,1.383366146
AFR,2020,1.30581017
AFR,2021,1.367412817
AFR,2022,1.349811289
EAS,1750,0
EAS,1751,0
EAS,1752,0
EAS,1753,0
EAS,1754,0
EAS,1755,0
EAS,1756,0
EAS,1757,0
EAS,1758,0
EAS,1759,0
EAS,1760,0
EAS,1761,0
EAS,1762,0
EAS,1763,0
EAS,1764,0
EAS,1765,0
EAS,1766,0
EAS,1767,0
EAS,1768,0
EAS,1769,0
EAS,1770,0
EAS,1771,0
EAS,1772,0
EAS,1773,0
EAS,1774,0
EAS,1775,0
EAS,1776,0
EAS,1777,0
EAS,1778,0
EAS,1779,0
EAS,1780,0
EAS,1781,0
EAS,1782,0
EAS,1783,0
EAS,1784,0
EAS,1785,0
EAS,1786,0
EAS,1787,0
EAS,1788,0
EAS,1789,0
EAS,1790,0
EAS,1791,0
EAS,1792,0
EAS,1793,0
EAS,1794,0
EAS,1795,0
EAS,1796,0
EAS,1797,0
EAS,1798,0
EAS,1799,0
EAS,1800,0
EAS,1801,0
EAS,1802,0
EAS,1803,0
EAS,1804,0
EAS,1805,0
EAS,1806,0
EAS,1807,0
EAS,1808,0
EAS,1809,0
EAS,1810,0
EAS,1811,0
EAS,1812,0
EAS,1813,0
EAS,1814,0
EAS,1815,0
EAS,1816,0
EAS,1817,0
EAS,1818,0
EAS,1819,0
EAS,1820,0
EAS,1821,0
EAS,1822,0
EAS,1823,0
EAS,1824,0
EAS,1825,0
EAS,1826,0
EAS,1827,0
EAS,1828,0
EAS,1829,0
EAS,1830,0
EAS,1831,0
EAS,1832,0
EAS,1833,0
EAS,1834,0
EAS,1835,0
EAS,1836,0
EAS,1837,0
EAS,1838,0
EAS,1839,0
EAS,1840,0
EAS,1841,0
EAS,1842,0
EAS,1843,0
EAS,1844,0
EAS,1845,0
EAS,1846,0
EAS,1847,0
EAS,1848,0
EAS,1849,0
EAS,1850,0
EAS,1851,0
EAS,1852,0
EAS,1853,0
EAS,1854,0
EAS,1855,0
EAS,1856,0
EAS,1857,0
EAS,1858,0
EAS,1859,0
EAS,1860,0
EAS,1861,0
EAS,1862,0
EAS,1863,0
EAS,1864,0
EAS,1865,0
EAS,1866,0
EAS,1867,0
EAS,1868,0
EAS,1869,0
EAS,1870,0
EAS,1871,0
EAS,1872,0
EAS,1873,0
EAS,1874,0
EAS,1875,0
EAS,1876,0
EAS,1877,0
EAS,1878,0
EAS,1879,0
EAS,1880,0
EAS,1881,0
EAS,1882,0
EAS,1883,0
EAS,1884,0
EAS,1885,0
EAS,1886,0
EAS,1887,0
EAS,1888,0
EAS,1889,0
EAS,1890,0
EAS,1891,0
EAS,1892,0
EAS,1893,0
EAS,1894,0
EAS,1895,0
EAS,1896,0
EAS,1897,0
EAS,1898,0
EAS,1899,0
EAS,1900,0
EAS,1901,0
EAS,1902,0
EAS,1903,0
EAS,1904,0
EAS,1905,7.71e-7
EAS,1906,0
EAS,1907,0.019893871
EAS,1908,0.022735853
EAS,1909,0.024259868
EAS,1910,0.025019851
EAS,1911,0.024642849
EAS,1912,0.017044580999999996
EAS,1913,0.02426951
EAS,1914,0.026744064
EAS,1915,0.02545259
EAS,1916,0.030157301
EAS,1917,0.032023449
EAS,1918,0.034774189
EAS,1919,0.03802834199999999
EAS,1920,0.040318762
EAS,1921,0.038806123
EAS,1922,0.040015878000000005
EAS,1923,0.046570587000000004
EAS,1924,0.04890181600000001
EAS,1925,0.046043742000000006
EAS,1926,0.043755622
EAS,1927,0.045907505
EAS,1928,0.047705411
EAS,1929,0.048412767
EAS,1930,0.049681874
EAS,1931,0.052035405
EAS,1932,0.050423233
EAS,1933,0.054292837000000004
EAS,1934,0.062624212
EAS,1935,0.07293011899999999
EAS,1936,0.075810748
EAS,1937,0.071325463
EAS,1938,0.06189751
EAS,1939,0.07510470899999999
EAS,1940,0.091592173
EAS,1941,0.11492701300000001
EAS,1942,0.128600288
EAS,1943,0.10995094
EAS,1944,0.104014041
EAS,1945,0.055895841
EAS,1946,0.036594329
EAS,1947,0.042751925999999996
EAS,1948,0.04009627
EAS,1949,0.0642865
EAS,1950,0.082623537
EAS,1951,0.106889078
EAS,1952,0.133297054
EAS,1953,0.140509541
EAS,1954,0.168343988
EAS,1955,0.199457244
EAS,1956,0.226214435
EAS,1957,0.267153553
EAS,1958,0.537164446
EAS,1959,0.735457728
EAS,1960,0.8156373160000001
EAS,1961,0.589910966
EAS,1962,0.482627616
EAS,1963,0.48381572900000003
EAS,1964,0.489225067
EAS,1965,0.532155675
EAS,1966,0.586706253
EAS,1967,0.503706638
EAS,1968,0.541550455
EAS,1969,0.66075339
EAS,1970,0.873113204
EAS,1971,0.980153636
EAS,1972,1.041674975
EAS,1973,1.0942492680000002
EAS,1974,1.118325871
EAS,1975,1.28024011
EAS,1976,1.336659053
EAS,1977,1.4657632
EAS,1978,1.627789079
EAS,1979,1.681064406
EAS,1980,1.653003308
EAS,1981,1.6418438519999998
EAS,1982,1.774185636
EAS,1983,1.8719130959999999
EAS,1984,2.034782529
EAS,1985,2.19945273
EAS,1986,2.316507355
EAS,1987,2.48263604
EAS,1988,2.6785883079999997
EAS,1989,2.7287945280000003
EAS,1990,2.7733376530000005
EAS,1991,2.9232991450000005
EAS,1992,3.075635054
EAS,1993,3.296975584
EAS,1994,3.499649001
EAS,1995,3.7856379090000005
EAS,1996,3.9680651399999998
EAS,1997,4.000161516
EAS,1998,3.7907290750000002
EAS,1999,4.019346911
EAS,2000,4.138526733
EAS,2001,4.231435211
EAS,2002,4.628306113000001
EAS,2003,5.378996322
EAS,2004,5.760525552
EAS,2005,6.43490515
EAS,2006,7.050631706
EAS,2007,7.562178714000001
EAS,2008,8.089989118
EAS,2009,8.485405534
EAS,2010,9.27003588
EAS,2011,10.221662865
EAS,2012,10.486171483000001
EAS,2013,10.679731138
EAS,2014,10.704451769999999
EAS,2015,10.568580558999999
EAS,2016,10.473719248
EAS,2017,10.744182729
EAS,2018,11.113261559
EAS,2019,11.457511718000001
EAS,2020,11.583253552
EAS,2021,12.024409817999999
EAS,2022,12.067291793999999
EUR,1750,0.009305937
EUR,1751,0.009407229
EUR,1752,0.009505168
EUR,1753,0.009610490000000001
EUR,1754,0.00973358
EUR,1755,0.009793468000000001
EUR,1756,0.009909914
EUR,1757,0.010093936
EUR,1758,0.010216358
EUR,1759,0.010338854
EUR,1760,0.010514331
EUR,1761,0.010747885
EUR,1762,0.010952198
EUR,1763,0.011191592
EUR,1764,0.011396982
EUR,1765,0.011643486
EUR,1766,0.01187608
EUR,1767,0.012152509
EUR,1768,0.012466936000000001
EUR,1769,0.012780074
EUR,1770,0.013097216
EUR,1771,0.013369488
EUR,1772,0.013623507
EUR,1773,0.013808138
EUR,1774,0.014012415
EUR,1775,0.01433892
EUR,1776,0.014654124
EUR,1777,0.014959537
EUR,1778,0.015243483
EUR,1779,0.015535235
EUR,1780,0.015878726
EUR,1781,0.016234383
EUR,1782,0.016580954
EUR,1783,0.017062750999999998
EUR,1784,0.017471093
EUR,1785,0.017961463
EUR,1786,0.018443833000000003
EUR,1787,0.018855466
EUR,1788,0.019282565
EUR,1789,0.019859761
EUR,1790,0.02039443
EUR,1791,0.020928085
EUR,1792,0.021925551
EUR,1793,0.022293597
EUR,1794,0.022515992
EUR,1795,0.022311582
EUR,1796,0.022117710999999998
EUR,1797,0.022086414000000002
EUR,1798,0.023102265
EUR,1799,0.027481543
EUR,1800,0.032541872
EUR,1801,0.031714914000000004
EUR,1802,0.040017353
EUR,1803,0.029238058
EUR,1804,0.031432088999999996
EUR,1805,0.030907165
EUR,1806,0.032366873000000004
EUR,1807,0.03581896799999999
EUR,1808,0.03510129
EUR,1809,0.035925851
EUR,1810,0.039069693
EUR,1811,0.03972380600000001
EUR,1812,0.040325008999999995
EUR,1813,0.040679355
EUR,1814,0.04165894
EUR,1815,0.042979952
EUR,1816,0.044827447000000006
EUR,1817,0.048552068999999996
EUR,1818,0.050606026
EUR,1819,0.05016085
EUR,1820,0.049931827
EUR,1821,0.051224474000000006
EUR,1822,0.053149411
EUR,1823,0.05544803500000001
EUR,1824,0.056560325
EUR,1825,0.059588493000000006
EUR,1826,0.06005673
EUR,1827,0.064281723
EUR,1828,0.065080501
EUR,1829,0.064502353
EUR,1830,0.086872782
EUR,1831,0.08096008100000002
EUR,1832,0.079039789
EUR,1833,0.079688307
EUR,1834,0.085364217
EUR,1835,0.09306024
EUR,1836,0.10214071000000001
EUR,1837,0.10086497999999999
EUR,1838,0.100783831
EUR,1839,0.104097899
EUR,1840,0.112883851
EUR,1841,0.115892919
EUR,1842,0.122404714
EUR,1843,0.124561018
EUR,1844,0.132595679
EUR,1845,0.143794057
EUR,1846,0.144858756
EUR,1847,0.155573808
EUR,1848,0.15668329
EUR,1849,0.166586958
EUR,1850,0.176679358
EUR,1851,0.173859032
EUR,1852,0.18043272100000002
EUR,1853,0.186703478
EUR,1854,0.22156586600000003
EUR,1855,0.221247408
EUR,1856,0.236781495
EUR,1857,0.23832962
EUR,1858,0.24111354699999998
EUR,1859,0.25423244
EUR,1860,0.281241361
EUR,1861,0.29975319
EUR,1862,0.304385866
EUR,1863,0.32054509800000003
EUR,1864,0.345858691
EUR,1865,0.370629904
EUR,1866,0.381478747
EUR,1867,0.39938474500000004
EUR,1868,0.404151867
EUR,1869,0.42261819800000006
EUR,1870,0.428305639
EUR,1871,0.455536585
EUR,1872,0.492257301
EUR,1873,0.51849359800000006
EUR,1874,0.47965141400000005
EUR,1875,0.5290598270000001
EUR,1876,0.540039275
EUR,1877,0.538867996
EUR,1878,0.5422544220000001
EUR,1879,0.559619032
EUR,1880,0.62904198
EUR,1881,0.645487947
EUR,1882,0.667218494
EUR,1883,0.703979067
EUR,1884,0.699142606
EUR,1885,0.700321937
EUR,1886,0.699166724
EUR,1887,0.725590189
EUR,1888,0.76905906
EUR,1889,0.804750509
EUR,1890,0.8400512
EUR,1891,0.868213694
EUR,1892,0.853055458
EUR,1893,0.824037465
EUR,1894,0.896464
EUR,1895,0.91640934
EUR,1896,0.959357914
EUR,1897,1.0029118830000001
EUR,1898,1.0313880500000001
EUR,1899,1.094151547
EUR,1900,1.143319597
EUR,1901,1.131011571
EUR,1902,1.134197379
EUR,1903,1.184808093
EUR,1904,1.201306193
EUR,1905,1.246082219
EUR,1906,1.2792683960000002
EUR,1907,1.416607617
EUR,1908,1.4403848209999999
EUR,1909,1.437860489
EUR,1910,1.459166949
EUR,1911,1.492017079
EUR,1912,1.538978199
EUR,1913,1.665646959
EUR,1914,1.481948987
EUR,1915,1.407915441
EUR,1916,1.4700503440000001
EUR,1917,1.449469438
EUR,1918,1.3609369500000001
EUR,1919,1.156021017
EUR,1920,1.348923098
EUR,1921,1.22559711
EUR,1922,1.364288808
EUR,1923,1.2989390729999999
EUR,1924,1.498422396
EUR,1925,1.4842029860000001
EUR,1926,1.246297778
EUR,1927,1.592487628
EUR,1928,1.589972678
EUR,1929,1.726973801
EUR,1930,1.593511796
EUR,1931,1.452330178
EUR,1932,1.318653327
EUR,1933,1.3426973260000001
EUR,1934,1.447055647
EUR,1935,1.50008102
EUR,1936,1.569725209
EUR,1937,1.72114403
EUR,1938,1.713195738
EUR,1939,1.757512013
EUR,1940,1.824217905
EUR,1941,1.789111347
EUR,1942,1.806151466
EUR,1943,1.8053765300000002
EUR,1944,1.600726637
EUR,1945,0.9274872909999999
EUR,1946,1.311902845
EUR,1947,1.491182469
EUR,1948,1.612665541
EUR,1949,1.737921964
EUR,1950,1.820137556
EUR,1951,2.019742551
EUR,1952,2.059814411
EUR,1953,2.101299564
EUR,1954,2.215503641
EUR,1955,2.376499174
EUR,1956,2.504833787
EUR,1957,2.564390061
EUR,1958,2.532524834
EUR,1959,2.557890399
EUR,1960,2.760593554
EUR,1961,2.867781626
EUR,1962,3.0367151160000003
EUR,1963,3.215053965
EUR,1964,3.358527383
EUR,1965,3.4102643390000003
EUR,1966,3.496368474
EUR,1967,3.5351488570000003
EUR,1968,3.733803315
EUR,1969,3.9611679360000003
EUR,1970,4.148960614
EUR,1971,4.261075545
EUR,1972,4.386152546
EUR,1973,4.590541546
EUR,1974,4.522227619
EUR,1975,4.443350012
EUR,1976,4.7288446969999995
EUR,1977,4.703627808
EUR,1978,4.838704085000001
EUR,1979,4.993319913
EUR,1980,4.886305651
EUR,1981,4.664721001
EUR,1982,4.557438444
EUR,1983,4.525908309
EUR,1984,4.555605126
EUR,1985,4.654588954
EUR,1986,4.667318881
EUR,1987,4.711283517
EUR,1988,4.6700135750000005
EUR,1989,4.730025987
EUR,1990,4.801677136
EUR,1991,4.722295408
EUR,1992,4.590304549
EUR,1993,4.504441181
EUR,1994,4.466542607
EUR,1995,4.522791796
EUR,1996,4.659517478
EUR,1997,4.586919556000001
EUR,1998,4.591173819
EUR,1999,4.508912342
EUR,2000,4.560802306
EUR,2001,4.61700802
EUR,2002,4.609160891
EUR,2003,4.727903389
EUR,2004,4.754844
EUR,2005,4.7443723140000005
EUR,2006,4.779956337
EUR,2007,4.765997289
EUR,2008,4.660782257
EUR,2009,4.312142296
EUR,2010,4.436067638
EUR,2011,4.3211946160000005
EUR,2012,4.273418547
EUR,2013,4.175954384
EUR,2014,4.003879603
EUR,2015,4.063857274
EUR,2016,4.070800074
EUR,2017,4.106233471
EUR,2018,4.013331261
EUR,2019,3.834725691
EUR,2020,3.52834849
EUR,2021,3.764995936
EUR,2022,3.67405474
FSU,1750,0
FSU,1751,0
FSU,1752,0
FSU,1753,0
FSU,1754,0
FSU,1755,0
FSU,1756,0
FSU,1757,0
FSU,1758,0
FSU,1759,0
FSU,1760,0
FSU,1761,0
FSU,1762,0
FSU,1763,0
FSU,1764,0
FSU,1765,0
FSU,1766,0
FSU,1767,0
FSU,1768,0
FSU,1769,0
FSU,1770,0
FSU,1771,0
FSU,1772,0
FSU,1773,0
FSU,1774,0
FSU,1775,0
FSU,1776,0
FSU,1777,0
FSU,1778,0
FSU,1779,0
FSU,1780,0
FSU,1781,0
FSU,1782,0
FSU,1783,0
FSU,1784,0
FSU,1785,0
FSU,1786,0
FSU,1787,0
FSU,1788,0
FSU,1789,0
FSU,1790,0
FSU,1791,0
FSU,1792,0
FSU,1793,0
FSU,1794,0
FSU,1795,0
FSU,1796,0
FSU,1797,0
FSU,1798,0
FSU,1799,0
FSU,1800,0
FSU,1801,0
FSU,1802,0
FSU,1803,0
FSU,1804,0
FSU,1805,0
FSU,1806,0
FSU,1807,0
FSU,1808,0
FSU,1809,0
FSU,1810,0
FSU,1811,0
FSU,1812,0
FSU,1813,0
FSU,1814,0
FSU,1815,0
FSU,1816,0
FSU,1817,0
FSU,1818,0
FSU,1819,0
FSU,1820,0
FSU,1821,0
FSU,1822,0
FSU,1823,0
FSU,1824,0
FSU,1825,0
FSU,1826,0
FSU,1827,0
FSU,1828,0
FSU,1829,0
FSU,1830,1.758e-5
FSU,1831,2.1099000000000002e-5
FSU,1832,1.4064000000000001e-5
FSU,1833,1.758e-5
FSU,1834,0
FSU,1835,0
FSU,1836,0
FSU,1837,0
FSU,1838,0
FSU,1839,0
FSU,1840,0
FSU,1841,0
FSU,1842,0
FSU,1843,0
FSU,1844,0
FSU,1845,0
FSU,1846,0
FSU,1847,0
FSU,1848,0
FSU,1849,0
FSU,1850,1.09002e-4
FSU,1851,0
FSU,1852,0
FSU,1853,0
FSU,1854,0
FSU,1855,3.30526e-4
FSU,1856,0
FSU,1857,0
FSU,1858,4.6414300000000003e-4
FSU,1859,4.92273e-4
FSU,1860,6.59471e-4
FSU,1861,8.37708e-4
FSU,1862,7.5572e-4
FSU,1863,7.913659999999999e-4
FSU,1864,8.876130000000001e-4
FSU,1865,8.48399e-4
FSU,1866,0.00268066
FSU,1867,0.003076342
FSU,1868,0.002559462
FSU,1869,0.0034720249999999997
FSU,1870,0.003767898
FSU,1871,0.005086839
FSU,1872,0.005222298
FSU,1873,0.004901473
FSU,1874,0.0059494990000000005
FSU,1875,0.006847804
FSU,1876,0.008501828999999999
FSU,1877,0.008676501
FSU,1878,0.011339337
FSU,1879,0.011635208
FSU,1880,0.013649267
FSU,1881,0.014376471
FSU,1882,0.015142881
FSU,1883,0.017235365
FSU,1884,0.017499152
FSU,1885,0.019060495
FSU,1886,0.019548861
FSU,1887,0.020686004
FSU,1888,0.02157718
FSU,1889,0.023302499
FSU,1890,0.026389535999999998
FSU,1891,0.029055939
FSU,1892,0.030756303000000002
FSU,1893,0.036049895000000005
FSU,1894,0.036716494999999995
FSU,1895,0.042188323
FSU,1896,0.042947607
FSU,1897,0.049656386999999996
FSU,1898,0.055691438
FSU,1899,0.064606774
FSU,1900,0.073187026
FSU,1901,0.075136924
FSU,1902,0.072570334
FSU,1903,0.07098760100000001
FSU,1904,0.078979678
FSU,1905,0.070499237
FSU,1906,0.080412691
FSU,1907,0.090069488
FSU,1908,0.090622016
FSU,1909,0.095662512
FSU,1910,0.093815995
FSU,1911,0.09726663399999999
FSU,1912,0.11018157
FSU,1913,0.119692211
FSU,1914,0.108024923
FSU,1915,0.099152363
FSU,1916,0.105679345
FSU,1917,0.097259502
FSU,1918,0.038787593
FSU,1919,0.0331304
FSU,1920,0.030210903
FSU,1921,0.032763236
FSU,1922,0.039956816
FSU,1923,0.044138218
FSU,1924,0.052586578
FSU,1925,0.051902154
FSU,1926,0.075201087
FSU,1927,0.093495169
FSU,1928,0.103750644
FSU,1929,0.11173528199999999
FSU,1930,0.151959952
FSU,1931,0.182574659
FSU,1932,0.20568017600000002
FSU,1933,0.229897802
FSU,1934,0.278063087
FSU,1935,0.314706506
FSU,1936,0.36081325000000003
FSU,1937,0.368985964
FSU,1938,0.389450828
FSU,1939,0.394228548
FSU,1940,0.472638904
FSU,1941,0.415208573
FSU,1942,0.225927652
FSU,1943,0.23579119699999998
FSU,1944,0.34194108500000003
FSU,1945,0.36187128300000004
FSU,1946,0.406580712
FSU,1947,0.48954165400000005
FSU,1948,0.5208377710000001
FSU,1949,0.592037331
FSU,1950,0.659839691
FSU,1951,0.7150569489999999
FSU,1952,0.7657081
FSU,1953,0.810064737
FSU,1954,0.8846559250000001
FSU,1955,1.003119377
FSU,1956,1.099945307
FSU,1957,1.2037710560000001
FSU,1958,1.2850067440000001
FSU,1959,1.351060723
FSU,1960,1.406724152
FSU,1961,1.450882322
FSU,1962,1.52294836
FSU,1963,1.633447857
FSU,1964,1.737343472
FSU,1965,1.8430660909999999
FSU,1966,1.9464211740000001
FSU,1967,2.035378017
FSU,1968,2.092674992
FSU,1969,2.179464108
FSU,1970,2.2922255320000002
FSU,1971,2.432586717
FSU,1972,2.559370213
FSU,1973,2.6674387239999997
FSU,1974,2.768974473
FSU,1975,2.910540355
FSU,1976,3.022360073
FSU,1977,3.1248769690000002
FSU,1978,3.231945449
FSU,1979,3.258498062
FSU,1980,3.3864728950000003
FSU,1981,3.321699877
FSU,1982,3.384273737
FSU,1983,3.4320210159999998
FSU,1984,3.462268462
FSU,1985,3.734053818
FSU,1986,3.749316992
FSU,1987,3.73791839
FSU,1988,3.8397607989999996
FSU,1989,3.751724067
FSU,1990,3.897728032
FSU,1991,3.6670490169999996
FSU,1992,3.144883047
FSU,1993,2.899278353
FSU,1994,2.52559459
FSU,1995,2.43568286
FSU,1996,2.3526291930000003
FSU,1997,2.223530611
FSU,1998,2.2078220930000003
FSU,1999,2.18138896
FSU,2000,2.1740808630000004
FSU,2001,2.21816941
FSU,2002,2.2226055309999997
FSU,2003,2.295593678
FSU,2004,2.3308428610000003
FSU,2005,2.3614679880000002
FSU,2006,2.470944018
FSU,2007,2.4767939820000002
FSU,2008,2.515029407
FSU,2009,2.322739267
FSU,2010,2.4569801360000003
FSU,2011,2.534381486
FSU,2012,2.5649382
FSU,2013,2.498471384
FSU,2014,2.474222005
FSU,2015,2.438199005
FSU,2016,2.449481517
FSU,2017,2.48711012
FSU,2018,2.554679177
FSU,2019,2.516420598
FSU,2020,2.408036454
FSU,2021,2.506055448
FSU,2022,2.395430625
LAM,1750,0
LAM,1751,0
LAM,1752,0
LAM,1753,0
LAM,1754,0
LAM,1755,0
LAM,1756,0
LAM,1757,0
LAM,1758,0
LAM,1759,0
LAM,1760,0
LAM,1761,0
LAM,1762,0
LAM,1763,0
LAM,1764,0
LAM,1765,0
LAM,1766,0
LAM,1767,0
LAM,1768,0
LAM,1769,0
LAM,1770,0
LAM,1771,0
LAM,1772,0
LAM,1773,0
LAM,1774,0
LAM,1775,0
LAM,1776,0
LAM,1777,0
LAM,1778,0
LAM,1779,0
LAM,1780,0
LAM,1781,0
LAM,1782,0
LAM,1783,0
LAM,1784,0
LAM,1785,0
LAM,1786,0
LAM,1787,0
LAM,1788,0
LAM,1789,0
LAM,1790,0
LAM,1791,0
LAM,1792,0
LAM,1793,0
LAM,1794,0
LAM,1795,0
LAM,1796,0
LAM,1797,0
LAM,1798,0
LAM,1799,0
LAM,1800,0
LAM,1801,0
LAM,1802,0
LAM,1803,0
LAM,1804,0
LAM,1805,0
LAM,1806,0
LAM,1807,0
LAM,1808,0
LAM,1809,0
LAM,1810,0
LAM,1811,0
LAM,1812,0
LAM,1813,0
LAM,1814,0
LAM,1815,0
LAM,1816,0
LAM,1817,0
LAM,1818,0
LAM,1819,0
LAM,1820,0
LAM,1821,0
LAM,1822,0
LAM,1823,0
LAM,1824,0
LAM,1825,0
LAM,1826,0
LAM,1827,0
LAM,1828,0
LAM,1829,0
LAM,1830,0
LAM,1831,0
LAM,1832,0
LAM,1833,0
LAM,1834,0
LAM,1835,0
LAM,1836,0
LAM,1837,0
LAM,1838,0
LAM,1839,0
LAM,1840,0
LAM,1841,0
LAM,1842,0
LAM,1843,0
LAM,1844,0
LAM,1845,0
LAM,1846,0
LAM,1847,0
LAM,1848,0
LAM,1849,0
LAM,1850,0
LAM,1851,0
LAM,1852,0
LAM,1853,0
LAM,1854,0
LAM,1855,0
LAM,1856,0
LAM,1857,0
LAM,1858,0
LAM,1859,0
LAM,1860,0
LAM,1861,0
LAM,1862,0
LAM,1863,0
LAM,1864,0
LAM,1865,0
LAM,1866,0
LAM,1867,0
LAM,1868,0
LAM,1869,0
LAM,1870,0
LAM,1871,0
LAM,1872,0
LAM,1873,0
LAM,1874,0
LAM,1875,0
LAM,1876,0
LAM,1877,0
LAM,1878,0
LAM,1879,0
LAM,1880,0
LAM,1881,0
LAM,1882,0
LAM,1883,0
LAM,1884,3.6640000000000004e-6
LAM,1885,3.6640000000000004e-6
LAM,1886,7.328000000000001e-6
LAM,1887,0.001091872
LAM,1888,8.976800000000001e-4
LAM,1889,0.001762384
LAM,1890,0.001381328
LAM,1891,0.001505904
LAM,1892,0.002029856
LAM,1893,0.002132448
LAM,1894,0.0025721280000000003
LAM,1895,0.0033232480000000004
LAM,1896,0.003458816
LAM,1897,0.0034478239999999995
LAM,1898,0.0039131520000000005
LAM,1899,0.00447008
LAM,1900,0.004165968
LAM,1901,0.00771272
LAM,1902,0.008804592
LAM,1903,0.00923328
LAM,1904,0.010383775999999999
LAM,1905,0.01091872
LAM,1906,0.014249296000000002
LAM,1907,0.01494912
LAM,1908,0.018657088
LAM,1909,0.017125536
LAM,1910,0.021467376
LAM,1911,0.027688848000000002
LAM,1912,0.028821024
LAM,1913,0.033089584
LAM,1914,0.02762656
LAM,1915,0.029737024
LAM,1916,0.03121728
LAM,1917,0.037526688
LAM,1918,0.0424108
LAM,1919,0.054633904
LAM,1920,0.09174655999999999
LAM,1921,0.105717392
LAM,1922,0.103694864
LAM,1923,0.093006976
LAM,1924,0.09386068800000001
LAM,1925,0.085415168
LAM,1926,0.07406085
LAM,1927,0.064012863
LAM,1928,0.058828499
LAM,1929,0.060273747
LAM,1930,0.053289242
LAM,1931,0.045487086
LAM,1932,0.048521678000000006
LAM,1933,0.05382707
LAM,1934,0.061059962
LAM,1935,0.067741758
LAM,1936,0.067456433
LAM,1937,0.08249593599999999
LAM,1938,0.079076717
LAM,1939,0.07936717800000001
LAM,1940,0.084812147
LAM,1941,0.083393034
LAM,1942,0.07792697900000001
LAM,1943,0.078091861
LAM,1944,0.084993287
LAM,1945,0.088046501
LAM,1946,0.155636043
LAM,1947,0.103814339
LAM,1948,0.113050439
LAM,1949,0.113614567
LAM,1950,0.148919913
LAM,1951,0.17294403
LAM,1952,0.186147899
LAM,1953,0.185217316
LAM,1954,0.195855242
LAM,1955,0.218921798
LAM,1956,0.23640721199999998
LAM,1957,0.25244444
LAM,1958,0.24417074500000002
LAM,1959,0.267053029
LAM,1960,0.27345499500000003
LAM,1961,0.281396234
LAM,1962,0.29721480699999997
LAM,1963,0.298913457
LAM,1964,0.322904734
LAM,1965,0.334467261
LAM,1966,0.351902678
LAM,1967,0.378253466
LAM,1968,0.40382933600000004
LAM,1969,0.436998437
LAM,1970,0.48339703
LAM,1971,0.509705903
LAM,1972,0.534573004
LAM,1973,0.583835038
LAM,1974,0.61819004
LAM,1975,0.625031904
LAM,1976,0.656991306
LAM,1977,0.685364765
LAM,1978,0.739915702
LAM,1979,0.792536985
LAM,1980,0.8344831100000001
LAM,1981,0.824656307
LAM,1982,0.844998181
LAM,1983,0.8128659020000001
LAM,1984,0.816506514
LAM,1985,0.841149936
LAM,1986,0.8720235860000001
LAM,1987,0.916873288
LAM,1988,0.937625888
LAM,1989,0.957614492
LAM,1990,0.972685851
LAM,1991,0.995784927
LAM,1992,1.016360179
LAM,1993,1.055593945
LAM,1994,1.074546994
LAM,1995,1.092326339
LAM,1996,1.1387500959999999
LAM,1997,1.211542646
LAM,1998,1.2951883
LAM,1999,1.289565869
LAM,2000,1.3013057000000001
LAM,2001,1.302448912
LAM,2002,1.337721729
LAM,2003,1.370463468
LAM,2004,1.406755481
LAM,2005,1.463888858
LAM,2006,1.512106136
LAM,2007,1.5505741180000001
LAM,2008,1.591552693
LAM,2009,1.550335716
LAM,2010,1.660738305
LAM,2011,1.707966423
LAM,2012,1.778535401
LAM,2013,1.839348757
LAM,2014,1.850610343
LAM,2015,1.815675433
LAM,2016,1.770143311
LAM,2017,1.739486731
LAM,2018,1.680297918
LAM,2019,1.68686065
LAM,2020,1.532428892
LAM,2021,1.6917209590000002
LAM,2022,1.7336680409999998
MEA,1750,0
MEA,1751,0
MEA,1752,0
MEA,1753,0
MEA,1754,0
MEA,1755,0
MEA,1756,0
MEA,1757,0
MEA,1758,0
MEA,1759,0
MEA,1760,0
MEA,1761,0
MEA,1762,0
MEA,1763,0
MEA,1764,0
MEA,1765,0
MEA,1766,0
MEA,1767,0
MEA,1768,0
MEA,1769,0
MEA,1770,0
MEA,1771,0
MEA,1772,0
MEA,1773,0
MEA,1774,0
MEA,1775,0
MEA,1776,0
MEA,1777,0
MEA,1778,0
MEA,1779,0
MEA,1780,0
MEA,1781,0
MEA,1782,0
MEA,1783,0
MEA,1784,0
MEA,1785,0
MEA,1786,0
MEA,1787,0
MEA,1788,0
MEA,1789,0
MEA,1790,0
MEA,1791,0
MEA,1792,0
MEA,1793,0
MEA,1794,0
MEA,1795,0
MEA,1796,0
MEA,1797,0
MEA,1798,0
MEA,1799,0
MEA,1800,0
MEA,1801,0
MEA,1802,0
MEA,1803,0
MEA,1804,0
MEA,1805,0
MEA,1806,0
MEA,1807,0
MEA,1808,0
MEA,1809,0
MEA,1810,0
MEA,1811,0
MEA,1812,0
MEA,1813,0
MEA,1814,0
MEA,1815,0
MEA,1816,0
MEA,1817,0
MEA,1818,0
MEA,1819,0
MEA,1820,0
MEA,1821,0
MEA,1822,0
MEA,1823,0
MEA,1824,0
MEA,1825,0
MEA,1826,0
MEA,1827,0
MEA,1828,0
MEA,1829,0
MEA,1830,0
MEA,1831,0
MEA,1832,0
MEA,1833,0
MEA,1834,0
MEA,1835,0
MEA,1836,0
MEA,1837,0
MEA,1838,0
MEA,1839,0
MEA,1840,0
MEA,1841,0
MEA,1842,0
MEA,1843,0
MEA,1844,0
MEA,1845,0
MEA,1846,0
MEA,1847,0
MEA,1848,0
MEA,1849,0
MEA,1850,0
MEA,1851,0
MEA,1852,0
MEA,1853,0
MEA,1854,0
MEA,1855,0
MEA,1856,0
MEA,1857,0
MEA,1858,0
MEA,1859,0
MEA,1860,0
MEA,1861,0
MEA,1862,0
MEA,1863,0
MEA,1864,0
MEA,1865,0
MEA,1866,0
MEA,1867,0
MEA,1868,0
MEA,1869,0
MEA,1870,0
MEA,1871,0
MEA,1872,0
MEA,1873,0
MEA,1874,0
MEA,1875,0
MEA,1876,0
MEA,1877,0
MEA,1878,0
MEA,1879,0
MEA,1880,0
MEA,1881,0
MEA,1882,0
MEA,1883,0
MEA,1884,0
MEA,1885,0
MEA,1886,0
MEA,1887,0
MEA,1888,0
MEA,1889,0
MEA,1890,0
MEA,1891,0
MEA,1892,0
MEA,1893,0
MEA,1894,0
MEA,1895,0
MEA,1896,0
MEA,1897,0
MEA,1898,0
MEA,1899,0
MEA,1900,0
MEA,1901,0
MEA,1902,0
MEA,1903,0
MEA,1904,0
MEA,1905,0
MEA,1906,3.6640000000000004e-6
MEA,1907,0
MEA,1908,0
MEA,1909,0
MEA,1910,0
MEA,1911,1.35568e-4
MEA,1912,2.52816e-4
MEA,1913,8.537120000000001e-4
MEA,1914,0.00117248
MEA,1915,0.0014033119999999999
MEA,1916,0.002007872
MEA,1917,0.002799296
MEA,1918,0.0034478240000000004
MEA,1919,0.0043198559999999995
MEA,1920,0.005437376000000001
MEA,1921,0.00725472
MEA,1922,0.009225951999999999
MEA,1923,0.01157824
MEA,1924,0.013505504
MEA,1925,0.014201664
MEA,1926,0.01505904
MEA,1927,0.016839744
MEA,1928,0.017968256
MEA,1929,0.017393007999999998
MEA,1930,0.018924233000000002
MEA,1931,0.018337933
MEA,1932,0.020536126
MEA,1933,0.022543819
MEA,1934,0.026559681999999998
MEA,1935,0.029750402000000002
MEA,1936,0.033465639
MEA,1937,0.041416192000000004
MEA,1938,0.041548364
MEA,1939,0.047216572000000005
MEA,1940,0.040049967
MEA,1941,0.030391841
MEA,1942,0.042523649999999996
MEA,1943,0.046322526
MEA,1944,0.060681622
MEA,1945,0.079067694
MEA,1946,0.105781324
MEA,1947,0.126596122
MEA,1948,0.10101451900000001
MEA,1949,0.033841372
MEA,1950,0.022333688
MEA,1951,0.015982203
MEA,1952,0.01309458
MEA,1953,0.014277311
MEA,1954,0.019303273
MEA,1955,0.036639571
MEA,1956,0.044897041
MEA,1957,0.045800383
MEA,1958,0.051130791
MEA,1959,0.053575932
MEA,1960,0.073477114
MEA,1961,0.077142971
MEA,1962,0.087690737
MEA,1963,0.100953228
MEA,1964,0.118466167
MEA,1965,0.145442118
MEA,1966,0.16744518800000002
MEA,1967,0.172059741
MEA,1968,0.20041726399999998
MEA,1969,0.229710095
MEA,1970,0.24278087
MEA,1971,0.286793879
MEA,1972,0.307115818
MEA,1973,0.369197583
MEA,1974,0.38279594100000003
MEA,1975,0.36903519700000004
MEA,1976,0.434659559
MEA,1977,0.453180447
MEA,1978,0.459554204
MEA,1979,0.494299582
MEA,1980,0.47914739900000003
MEA,1981,0.472927624
MEA,1982,0.47790569099999997
MEA,1983,0.504650379
MEA,1984,0.5275442220000001
MEA,1985,0.565141475
MEA,1986,0.598049
MEA,1987,0.601129323
MEA,1988,0.652454174
MEA,1989,0.6842172400000001
MEA,1990,0.692793486
MEA,1991,0.773899984
MEA,1992,0.8557149260000001
MEA,1993,0.9359684260000001
MEA,1994,0.9981474530000001
MEA,1995,0.9458019200000001
MEA,1996,0.946532633
MEA,1997,0.91859751
MEA,1998,0.9581383370000001
MEA,1999,1.050998992
MEA,2000,1.161779349
MEA,2001,1.1936749420000001
MEA,2002,1.204391314
MEA,2003,1.281418107
MEA,2004,1.391072329
MEA,2005,1.435411921
MEA,2006,1.5279084520000001
MEA,2007,1.489796278
MEA,2008,1.6336337189999999
MEA,2009,1.706778274
MEA,2010,1.8188194739999999
MEA,2011,1.8382861680000002
MEA,2012,1.9702623460000002
MEA,2013,1.9325615370000002
MEA,2014,2.0265462480000003
MEA,2015,2.1227076350000003
MEA,2016,2.163032435
MEA,2017,2.215085026
MEA,2018,2.24819099
MEA,2019,2.270500978
MEA,2020,2.109056732
MEA,2021,2.1880616620000004
MEA,2022,2.241896735
NAM,1750,0
NAM,1751,0
NAM,1752,0
NAM,1753,0
NAM,1754,0
NAM,1755,0
NAM,1756,0
NAM,1757,0
NAM,1758,0
NAM,1759,0
NAM,1760,0
NAM,1761,0
NAM,1762,0
NAM,1763,0
NAM,1764,0
NAM,1765,0
NAM,1766,0
NAM,1767,0
NAM,1768,0
NAM,1769,0
NAM,1770,0
NAM,1771,0
NAM,1772,0
NAM,1773,0
NAM,1774,0
NAM,1775,0
NAM,1776,0
NAM,1777,0
NAM,1778,0
NAM,1779,0
NAM,1780,0
NAM,1781,0
NAM,1782,0
NAM,1783,0
NAM,1784,0
NAM,1785,3.6640000000000004e-6
NAM,1786,3.6640000000000004e-6
NAM,1787,3.6640000000000004e-6
NAM,1788,3.6640000000000004e-6
NAM,1789,3.6640000000000004e-6
NAM,1790,3.6640000000000004e-6
NAM,1791,3.6640000000000004e-6
NAM,1792,3.6640000000000004e-6
NAM,1793,3.6640000000000004e-6
NAM,1794,3.6640000000000004e-6
NAM,1795,3.6640000000000004e-6
NAM,1796,3.6640000000000004e-6
NAM,1797,3.6640000000000004e-6
NAM,1798,3.6640000000000004e-6
NAM,1799,3.6640000000000004e-6
NAM,1800,2.5648e-4
NAM,1801,2.71136e-4
NAM,1802,2.9312e-4
NAM,1803,3.0044800000000003e-4
NAM,1804,3.3708800000000004e-4
NAM,1805,3.44416e-4
NAM,1806,3.3708800000000004e-4
NAM,1807,3.81056e-4
NAM,1808,3.9571200000000005e-4
NAM,1809,4.0670400000000003e-4
NAM,1810,4.2136e-4
NAM,1811,4.5067200000000005e-4
NAM,1812,4.8731200000000005e-4
NAM,1813,5.23952e-4
NAM,1814,5.64256e-4
NAM,1815,6.0456e-4
NAM,1816,6.66848e-4
NAM,1817,7.21808e-4
NAM,1818,7.840960000000001e-4
NAM,1819,7.65776e-4
NAM,1820,7.95088e-4
NAM,1821,8.31728e-4
NAM,1822,8.68368e-4
NAM,1823,9.050080000000001e-4
NAM,1824,0.001018592
NAM,1825,0.001139504
NAM,1826,0.00131904
NAM,1827,0.001450944
NAM,1828,0.001597504
NAM,1829,0.0017990240000000002
NAM,1830,0.002092144
NAM,1831,0.0022680160000000003
NAM,1832,0.0030264640000000004
NAM,1833,0.003532096
NAM,1834,0.003385536
NAM,1835,0.0043198559999999995
NAM,1836,0.0047338879999999995
NAM,1837,0.005309136
NAM,1838,0.0050343359999999995
NAM,1839,0.005521648
NAM,1840,0.005877055999999999
NAM,1841,0.006217808
NAM,1842,0.0069212959999999995
NAM,1843,0.00776768
NAM,1844,0.009310224
NAM,1845,0.011208176
NAM,1846,0.012736064
NAM,1847,0.015103008000000001
NAM,1848,0.016825088
NAM,1849,0.018268704
NAM,1850,0.019851552
NAM,1851,0.024702688
NAM,1852,0.02687544
NAM,1853,0.03026464
NAM,1854,0.033283776
NAM,1855,0.038310783999999994
NAM,1856,0.040216063999999996
NAM,1857,0.041271296
NAM,1858,0.041912496
NAM,1859,0.04563512
NAM,1860,0.047818863999999996
NAM,1861,0.046137088
NAM,1862,0.048009392
NAM,1863,0.055513264
NAM,1864,0.059499696
NAM,1865,0.059840448
NAM,1866,0.06047432
NAM,1867,0.074459808
NAM,1868,0.083297376
NAM,1869,0.094380976
NAM,1870,0.09984399999999999
NAM,1871,0.10480139200000001
NAM,1872,0.128152064
NAM,1873,0.141115296
NAM,1874,0.135919744
NAM,1875,0.137623504
NAM,1876,0.13467764799999998
NAM,1877,0.14919808
NAM,1878,0.14583819200000003
NAM,1879,0.177652704
NAM,1880,0.203916428
NAM,1881,0.21578416
NAM,1882,0.242011134
NAM,1883,0.26131316400000004
NAM,1884,0.276188989
NAM,1885,0.280406265
NAM,1886,0.2962604220000001
NAM,1887,0.317530124
NAM,1888,0.387186413
NAM,1889,0.346834822
NAM,1890,0.414160905
NAM,1891,0.44136612399999997
NAM,1892,0.46433944800000004
NAM,1893,0.46894869699999997
NAM,1894,0.439230023
NAM,1895,0.493479238
NAM,1896,0.495531143
NAM,1897,0.515086034
NAM,1898,0.561029023
NAM,1899,0.6447040740000001
NAM,1900,0.683366707
NAM,1901,0.74537285
NAM,1902,0.790143758
NAM,1903,0.922366916
NAM,1904,0.915154451
NAM,1905,1.0218693540000001
NAM,1906,1.072858703
NAM,1907,1.2508522219999998
NAM,1908,1.100221391
NAM,1909,1.211092095
NAM,1910,1.32320417
NAM,1911,1.318935703
NAM,1912,1.4108365640000002
NAM,1913,1.52182372
NAM,1914,1.386361486
NAM,1915,1.42881252
NAM,1916,1.59543737
NAM,1917,1.756213581
NAM,1918,1.8372369629999998
NAM,1919,1.555249142
NAM,1920,1.822624002
NAM,1921,1.504152045
NAM,1922,1.504967599
NAM,1923,1.989717125
NAM,1924,1.775703954
NAM,1925,1.833432943
NAM,1926,1.9908040640000002
NAM,1927,1.9548384650000001
NAM,1928,1.9247415669999999
NAM,1929,2.062536293
NAM,1930,1.83926404
NAM,1931,1.5608083990000001
NAM,1932,1.328020691
NAM,1933,1.4183593939999999
NAM,1934,1.516151937
NAM,1935,1.5711167220000002
NAM,1936,1.7995748070000002
NAM,1937,1.886092885
NAM,1938,1.60129337
NAM,1939,1.765924302
NAM,1940,1.983606863
NAM,1941,2.163736737
NAM,1942,2.3293423850000003
NAM,1943,2.4101212029999997
NAM,1944,2.585310705
NAM,1945,2.490072368
NAM,1946,2.395915919
NAM,1947,2.629402289
NAM,1948,2.74106506
NAM,1949,2.3098843010000003
NAM,1950,2.695619017
NAM,1951,2.781389646
NAM,1952,2.7106281589999996
NAM,1953,2.7735792790000002
NAM,1954,2.6524297270000003
NAM,1955,2.8979850799999998
NAM,1956,3.0497972009999996
NAM,1957,3.018583564
NAM,1958,2.929262847
NAM,1959,3.016404471
NAM,1960,3.090031435
NAM,1961,3.080873394
NAM,1962,3.2008928020000003
NAM,1963,3.3373982460000002
NAM,1964,3.501891538
NAM,1965,3.6514637510000005
NAM,1966,3.8304956850000003
NAM,1967,3.9870979889999996
NAM,1968,4.144180896
NAM,1969,4.342264545
NAM,1970,4.680863221
NAM,1971,4.717752658
NAM,1972,4.953807064
NAM,1973,5.166376191
NAM,1974,5.010716686
NAM,1975,4.875061733999999
NAM,1976,5.146779675
NAM,1977,5.297455744
NAM,1978,5.356951316
NAM,1979,5.45031854
NAM,1980,5.25140323
NAM,1981,5.116049918
NAM,1982,4.861752863
NAM,1983,4.837761553
NAM,1984,5.087407821
NAM,1985,5.074351684
NAM,1986,5.068137595
NAM,1987,5.2566937099999995
NAM,1988,5.506212492
NAM,1989,5.595091429
NAM,1990,5.579460302000001
NAM,1991,5.513116320000001
NAM,1992,5.638240338999999
NAM,1993,5.737404979
NAM,1994,5.843312287999999
NAM,1995,5.917085393000001
NAM,1996,6.1211794159999995
NAM,1997,6.210719801000001
NAM,1998,6.263556823000001
NAM,1999,6.348399913
NAM,2000,6.577232028999999
NAM,2001,6.4668869749999995
NAM,2002,6.510681980999999
NAM,2003,6.5915726349999995
NAM,2004,6.692344006000001
NAM,2005,6.706946916000001
NAM,2006,6.6212707239999995
NAM,2007,6.723878014
NAM,2008,6.491927122
NAM,2009,6.024865392000001
NAM,2010,6.235777348
NAM,2011,6.1113700799999995
NAM,2012,5.909867708
NAM,2013,6.04969628
NAM,2014,6.095034084000001
NAM,2015,5.947153456000001
NAM,2016,5.810621901999999
NAM,2017,5.778814237
NAM,2018,5.954863638
NAM,2019,5.840732792
NAM,2020,5.237473327999999
NAM,2021,5.569386556
NAM,2022,5.605247723
PAO,1750,0
PAO,1751,0
PAO,1752,0
PAO,1753,0
PAO,1754,0
PAO,1755,0
PAO,1756,0
PAO,1757,0
PAO,1758,0
PAO,1759,0
PAO,1760,0
PAO,1761,0
PAO,1762,0
PAO,1763,0
PAO,1764,0
PAO,1765,0
PAO,1766,0
PAO,1767,0
PAO,1768,0
PAO,1769,0
PAO,1770,0
PAO,1771,0
PAO,1772,0
PAO,1773,0
PAO,1774,0
PAO,1775,0
PAO,1776,0
PAO,1777,0
PAO,1778,0
PAO,1779,0
PAO,1780,0
PAO,1781,0
PAO,1782,0
PAO,1783,0
PAO,1784,0
PAO,1785,0
PAO,1786,0
PAO,1787,0
PAO,1788,0
PAO,1789,0
PAO,1790,0
PAO,1791,0
PAO,1792,0
PAO,1793,0
PAO,1794,0
PAO,1795,0
PAO,1796,0
PAO,1797,0
PAO,1798,0
PAO,1799,0
PAO,1800,0
PAO,1801,0
PAO,1802,0
PAO,1803,0
PAO,1804,0
PAO,1805,2.36e-7
PAO,1806,6.61e-7
PAO,1807,6.29e-7
PAO,1808,7.87e-7
PAO,1809,1.259e-6
PAO,1810,1.259e-6
PAO,1811,2.2030000000000003e-6
PAO,1812,2.2030000000000003e-6
PAO,1813,2.8319999999999997e-6
PAO,1814,3.451e-6
PAO,1815,2.7529999999999997e-6
PAO,1816,2.2810000000000003e-6
PAO,1817,2.045e-6
PAO,1818,1.888e-6
PAO,1819,3.5400000000000004e-6
PAO,1820,6.1599999999999995e-6
PAO,1821,3.147e-6
PAO,1822,3.934e-6
PAO,1823,4.7200000000000005e-6
PAO,1824,4.7200000000000005e-6
PAO,1825,2.87e-6
PAO,1826,6.36e-6
PAO,1827,5.902e-6
PAO,1828,3.786e-6
PAO,1829,6.031e-6
PAO,1830,5.748e-6
PAO,1831,1.421e-6
PAO,1832,1.1239e-5
PAO,1833,1.0718e-5
PAO,1834,1.3358e-5
PAO,1835,1.9498000000000002e-5
PAO,1836,1.9897000000000003e-5
PAO,1837,2.5305000000000003e-5
PAO,1838,2.7094000000000002e-5
PAO,1839,3.3487000000000007e-5
PAO,1840,4.7605e-5
PAO,1841,5.4819e-5
PAO,1842,6.2779e-5
PAO,1843,4.0692e-5
PAO,1844,3.6373999999999994e-5
PAO,1845,3.512500000000001e-5
PAO,1846,6.1308e-5
PAO,1847,6.408800000000001e-5
PAO,1848,7.1507e-5
PAO,1849,7.633600000000001e-5
PAO,1850,1.12052e-4
PAO,1851,1.06379e-4
PAO,1852,1.06055e-4
PAO,1853,1.5232100000000002e-4
PAO,1854,1.83526e-4
PAO,1855,2.1567800000000002e-4
PAO,1856,2.98886e-4
PAO,1857,3.311e-4
PAO,1858,3.40483e-4
PAO,1859,4.84948e-4
PAO,1860,5.99769e-4
PAO,1861,5.60575e-4
PAO,1862,7.87635e-4
PAO,1863,7.204500000000001e-4
PAO,1864,9.0316e-4
PAO,1865,9.735080000000001e-4
PAO,1866,0.00128006
PAO,1867,0.001239852
PAO,1868,0.001543251
PAO,1869,0.0014830040000000002
PAO,1870,0.001420711
PAO,1871,0.001466558
PAO,1872,0.001669586
PAO,1873,0.0019708530000000003
PAO,1874,0.002711869
PAO,1875,0.003582688
PAO,1876,0.0035614730000000003
PAO,1877,0.003661825
PAO,1878,0.0047747
PAO,1879,0.005399155
PAO,1880,0.005421963
PAO,1881,0.006056153
PAO,1882,0.006791333000000001
PAO,1883,0.007785103
PAO,1884,0.008547672
PAO,1885,0.00934873
PAO,1886,0.009614485
PAO,1887,0.010734994
PAO,1888,0.012142152
PAO,1889,0.013816456
PAO,1890,0.013628899
PAO,1891,0.016499013
PAO,1892,0.016037241
PAO,1893,0.015889406
PAO,1894,0.019155190000000002
PAO,1895,0.020600725
PAO,1896,0.021852521
PAO,1897,0.023324829000000002
PAO,1898,0.027782892
PAO,1899,0.028145115000000002
PAO,1900,0.032019696
PAO,1901,0.037453408
PAO,1902,0.039380672
PAO,1903,0.040181
PAO,1904,0.044029014000000005
PAO,1905,0.045523073000000004
PAO,1906,0.051075006000000006
PAO,1907,0.054644153
PAO,1908,0.058576328000000004
PAO,1909,0.057100849
PAO,1910,0.061993788
PAO,1911,0.06834593
PAO,1912,0.075354091
PAO,1913,0.08133003600000001
PAO,1914,0.0880202
PAO,1915,0.080043372
PAO,1916,0.08348997799999999
PAO,1917,0.093434669
PAO,1918,0.09945125099999999
PAO,1919,0.10550835800000001
PAO,1920,0.10414412399999999
PAO,1921,0.09409381
PAO,1922,0.09991273300000002
PAO,1923,0.10542768
PAO,1924,0.111528329
PAO,1925,0.115732267
PAO,1926,0.11646432599999999
PAO,1927,0.125247039
PAO,1928,0.12612388400000002
PAO,1929,0.126680699
PAO,1930,0.11693030200000001
PAO,1931,0.10469400200000001
PAO,1932,0.10457023300000001
PAO,1933,0.11967006499999999
PAO,1934,0.13139431399999998
PAO,1935,0.139491217
PAO,1936,0.15253909799999998
PAO,1937,0.163568181
PAO,1938,0.169677546
PAO,1939,0.170192307
PAO,1940,0.19334941300000003
PAO,1941,0.198939752
PAO,1942,0.194914677
PAO,1943,0.197201681
PAO,1944,0.18522911499999997
PAO,1945,0.12141439200000001
PAO,1946,0.100978441
PAO,1947,0.12026020400000001
PAO,1948,0.140597383
PAO,1949,0.152092942
PAO,1950,0.166848213
PAO,1951,0.192749531
PAO,1952,0.20217274799999999
PAO,1953,0.21735631099999997
PAO,1954,0.219543768
PAO,1955,0.22323606499999998
PAO,1956,0.24579297200000003
PAO,1957,0.27385069700000003
PAO,1958,0.26927719
PAO,1959,0.286011012
PAO,1960,0.331475687
PAO,1961,0.381551549
PAO,1962,0.394971327
PAO,1963,0.433047799
PAO,1964,0.47552780100000003
PAO,1965,0.513761358
PAO,1966,0.548981611
PAO,1967,0.625214801
PAO,1968,0.704153723
PAO,1969,0.80388601
PAO,1970,0.930004115
PAO,1971,0.96270934
PAO,1972,1.02195806
PAO,1973,1.102609361
PAO,1974,1.099248923
PAO,1975,1.059882569
PAO,1976,1.096196119
PAO,1977,1.1354657540000002
PAO,1978,1.1106657000000002
PAO,1979,1.161887701
PAO,1980,1.166717646
PAO,1981,1.1572063830000001
PAO,1982,1.133678935
PAO,1983,1.106552873
PAO,1984,1.173922749
PAO,1985,1.1588146529999999
PAO,1986,1.159246194
PAO,1987,1.161295455
PAO,1988,1.251650656
PAO,1989,1.303971576
PAO,1990,1.4608583709999998
PAO,1991,1.4746137780000002
PAO,1992,1.4913702500000001
PAO,1993,1.4883211570000003
PAO,1994,1.548302968
PAO,1995,1.5721068839999999
PAO,1996,1.592790371
PAO,1997,1.5958621020000001
PAO,1998,1.5683962900000001
PAO,1999,1.616460859
PAO,2000,1.646008002
PAO,2001,1.641324057
PAO,2002,1.675865291
PAO,2003,1.692975277
PAO,2004,1.701394985
PAO,2005,1.713773431
PAO,2006,1.696884244
PAO,2007,1.738922892
PAO,2008,1.673778305
PAO,2009,1.6051542640000003
PAO,2010,1.655030092
PAO,2011,1.703153025
PAO,2012,1.74840758
PAO,2013,1.749720258
PAO,2014,1.6925592859999998
PAO,2015,1.660359214
PAO,2016,1.6468611690000001
PAO,2017,1.6361449090000002
PAO,2018,1.592723798
PAO,2019,1.5572300270000001
PAO,2020,1.4707183920000002
PAO,2021,1.4830541740000003
PAO,2022,1.47828895
PAS,1750,0
PAS,1751,0
PAS,1752,0
PAS,1753,0
PAS,1754,0
PAS,1755,0
PAS,1756,0
PAS,1757,0
PAS,1758,0
PAS,1759,0
PAS,1760,0
PAS,1761,0
PAS,1762,0
PAS,1763,0
PAS,1764,0
PAS,1765,0
PAS,1766,0
PAS,1767,0
PAS,1768,0
PAS,1769,0
PAS,1770,0
PAS,1771,0
PAS,1772,0
PAS,1773,0
PAS,1774,0
PAS,1775,0
PAS,1776,0
PAS,1777,0
PAS,1778,0
PAS,1779,0
PAS,1780,0
PAS,1781,0
PAS,1782,0
PAS,1783,0
PAS,1784,0
PAS,1785,0
PAS,1786,0
PAS,1787,0
PAS,1788,0
PAS,1789,0
PAS,1790,0
PAS,1791,0
PAS,1792,0
PAS,1793,0
PAS,1794,0
PAS,1795,0
PAS,1796,0
PAS,1797,0
PAS,1798,0
PAS,1799,0
PAS,1800,0
PAS,1801,0
PAS,1802,0
PAS,1803,0
PAS,1804,0
PAS,1805,0
PAS,1806,0
PAS,1807,0
PAS,1808,0
PAS,1809,0
PAS,1810,0
PAS,1811,0
PAS,1812,0
PAS,1813,0
PAS,1814,0
PAS,1815,0
PAS,1816,0
PAS,1817,0
PAS,1818,0
PAS,1819,0
PAS,1820,0
PAS,1821,0
PAS,1822,0
PAS,1823,0
PAS,1824,0
PAS,1825,0
PAS,1826,0
PAS,1827,0
PAS,1828,0
PAS,1829,0
PAS,1830,0
PAS,1831,0
PAS,1832,0
PAS,1833,0
PAS,1834,0
PAS,1835,0
PAS,1836,0
PAS,1837,0
PAS,1838,0
PAS,1839,0
PAS,1840,0
PAS,1841,0
PAS,1842,0
PAS,1843,0
PAS,1844,0
PAS,1845,0
PAS,1846,0
PAS,1847,0
PAS,1848,0
PAS,1849,0
PAS,1850,0
PAS,1851,0
PAS,1852,0
PAS,1853,0
PAS,1854,0
PAS,1855,0
PAS,1856,0
PAS,1857,0
PAS,1858,0
PAS,1859,0
PAS,1860,0
PAS,1861,0
PAS,1862,0
PAS,1863,0
PAS,1864,0
PAS,1865,0
PAS,1866,0
PAS,1867,0
PAS,1868,0
PAS,1869,0
PAS,1870,0
PAS,1871,0
PAS,1872,0
PAS,1873,0
PAS,1874,0
PAS,1875,0
PAS,1876,0
PAS,1877,0
PAS,1878,0
PAS,1879,0
PAS,1880,0
PAS,1881,0
PAS,1882,0
PAS,1883,0
PAS,1884,0
PAS,1885,0
PAS,1886,0
PAS,1887,0
PAS,1888,0
PAS,1889,3.6640000000000004e-6
PAS,1890,2.1984e-5
PAS,1891,4.0304e-5
PAS,1892,4.50901e-4
PAS,1893,0.001077216
PAS,1894,8.31728e-4
PAS,1895,0.0010588960000000001
PAS,1896,0.0013483520000000001
PAS,1897,0.00172208
PAS,1898,0.002073824
PAS,1899,0.0019785600000000003
PAS,1900,0.001780704
PAS,1901,0.0027919679999999997
PAS,1902,0.001989552
PAS,1903,0.00360904
PAS,1904,0.004202608
PAS,1905,0.004964720000000001
PAS,1906,0.005323792
PAS,1907,0.006239792
PAS,1908,0.00652192
PAS,1909,0.0072290720000000004
PAS,1910,0.007720048
PAS,1911,0.007921568
PAS,1912,0.007001904000000001
PAS,1913,0.007320672
PAS,1914,0.007826304000000001
PAS,1915,0.007998512
PAS,1916,0.009181984
PAS,1917,0.009537392
PAS,1918,0.009519072
PAS,1919,0.010229888000000001
PAS,1920,0.011332752
PAS,1921,0.012684767999999999
PAS,1922,0.0130072
PAS,1923,0.015051712
PAS,1924,0.016455024
PAS,1925,0.017744752
PAS,1926,0.01797192
PAS,1927,0.020261920000000003
PAS,1928,0.027174967
PAS,1929,0.031094716999999997
PAS,1930,0.030200687999999996
PAS,1931,0.027302345000000002
PAS,1932,0.026100662000000004
PAS,1933,0.026826501
PAS,1934,0.028471429000000003
PAS,1935,0.029746351
PAS,1936,0.033025394
PAS,1937,0.037506526000000005
PAS,1938,0.038499232
PAS,1939,0.043987667
PAS,1940,0.044376764
PAS,1941,0.040297216000000004
PAS,1942,0.015772807
PAS,1943,0.025431052000000003
PAS,1944,0.014117273
PAS,1945,0.006265291
PAS,1946,0.0037295650000000002
PAS,1947,0.011056999999999999
PAS,1948,0.018175229
PAS,1949,0.036150757
PAS,1950,0.022776617000000002
PAS,1951,0.024713511
PAS,1952,0.031337938
PAS,1953,0.032304719
PAS,1954,0.037550967000000005
PAS,1955,0.04686057
PAS,1956,0.047586371
PAS,1957,0.042958120999999995
PAS,1958,0.047104254000000005
PAS,1959,0.049587049
PAS,1960,0.050055002
PAS,1961,0.057072578
PAS,1962,0.058885488
PAS,1963,0.061802313
PAS,1964,0.069592302
PAS,1965,0.074014338
PAS,1966,0.08276148
PAS,1967,0.095957094
PAS,1968,0.110535933
PAS,1969,0.11960868000000001
PAS,1970,0.151566858
PAS,1971,0.156981132
PAS,1972,0.169661478
PAS,1973,0.18356270100000002
PAS,1974,0.179238387
PAS,1975,0.188338646
PAS,1976,0.20423641
PAS,1977,0.229066509
PAS,1978,0.252841902
PAS,1979,0.262115657
PAS,1980,0.260364964
PAS,1981,0.255838205
PAS,1982,0.264673402
PAS,1983,0.282626204
PAS,1984,0.282302069
PAS,1985,0.29757796599999997
PAS,1986,0.305039351
PAS,1987,0.31531081800000005
PAS,1988,0.34293072
PAS,1989,0.36254386699999996
PAS,1990,0.414363185
PAS,1991,0.45863139000000003
PAS,1992,0.50949181
PAS,1993,0.559507263
PAS,1994,0.600450196
PAS,1995,0.633181766
PAS,1996,0.698263468
PAS,1997,0.7696969440000001
PAS,1998,0.6947183180000001
PAS,1999,0.747566818
PAS,2000,0.765545175
PAS,2001,0.8190938990000001
PAS,2002,0.830323774
PAS,2003,0.901043685
PAS,2004,0.95190799
PAS,2005,0.964821288
PAS,2006,0.967053044
PAS,2007,1.01776284
PAS,2008,1.046934094
PAS,2009,1.092169899
PAS,2010,1.182160136
PAS,2011,1.253660738
PAS,2012,1.306164848
PAS,2013,1.328214462
PAS,2014,1.3780790550000002
PAS,2015,1.489325286
PAS,2016,1.503646961
PAS,2017,1.5556653020000002
PAS,2018,1.673193942
PAS,2019,1.803509379
PAS,2020,1.783554106
PAS,2021,1.804645412
PAS,2022,1.9278542779999999
SAS,1750,0
SAS,1751,0
SAS,1752,0
SAS,1753,0
SAS,1754,0
SAS,1755,0
SAS,1756,0
SAS,1757,0
SAS,1758,0
SAS,1759,0
SAS,1760,0
SAS,1761,0
SAS,1762,0
SAS,1763,0
SAS,1764,0
SAS,1765,0
SAS,1766,0
SAS,1767,0
SAS,1768,0
SAS,1769,0
SAS,1770,0
SAS,1771,0
SAS,1772,0
SAS,1773,0
SAS,1774,0
SAS,1775,0
SAS,1776,0
SAS,1777,0
SAS,1778,0
SAS,1779,0
SAS,1780,0
SAS,1781,0
SAS,1782,0
SAS,1783,0
SAS,1784,0
SAS,1785,0
SAS,1786,0
SAS,1787,0
SAS,1788,0
SAS,1789,0
SAS,1790,0
SAS,1791,0
SAS,1792,0
SAS,1793,0
SAS,1794,0
SAS,1795,0
SAS,1796,0
SAS,1797,0
SAS,1798,0
SAS,1799,0
SAS,1800,0
SAS,1801,0
SAS,1802,0
SAS,1803,0
SAS,1804,0
SAS,1805,0
SAS,1806,0
SAS,1807,0
SAS,1808,0
SAS,1809,0
SAS,1810,0
SAS,1811,0
SAS,1812,0
SAS,1813,0
SAS,1814,0
SAS,1815,0
SAS,1816,0
SAS,1817,0
SAS,1818,0
SAS,1819,0
SAS,1820,0
SAS,1821,0
SAS,1822,0
SAS,1823,0
SAS,1824,0
SAS,1825,0
SAS,1826,0
SAS,1827,0
SAS,1828,0
SAS,1829,0
SAS,1830,0
SAS,1831,0
SAS,1832,0
SAS,1833,0
SAS,1834,0
SAS,1835,0
SAS,1836,0
SAS,1837,0
SAS,1838,0
SAS,1839,0
SAS,1840,0
SAS,1841,0
SAS,1842,0
SAS,1843,0
SAS,1844,0
SAS,1845,0
SAS,1846,0
SAS,1847,0
SAS,1848,0
SAS,1849,0
SAS,1850,0
SAS,1851,0
SAS,1852,0
SAS,1853,0
SAS,1854,0
SAS,1855,0
SAS,1856,0
SAS,1857,0
SAS,1858,3.94488e-4
SAS,1859,6.36485e-4
SAS,1860,6.43115e-4
SAS,1861,4.97254e-4
SAS,1862,5.50294e-4
SAS,1863,6.09965e-4
SAS,1864,5.76814e-4
SAS,1865,5.66869e-4
SAS,1866,6.398e-4
SAS,1867,0
SAS,1868,0
SAS,1869,0
SAS,1870,0
SAS,1871,0
SAS,1872,0
SAS,1873,0
SAS,1874,0
SAS,1875,0
SAS,1876,0
SAS,1877,0
SAS,1878,0.001766908
SAS,1879,0.0016843820000000001
SAS,1880,0.001886773
SAS,1881,0.001839333
SAS,1882,0.0021962929999999998
SAS,1883,0.002440906
SAS,1884,0.002730012
SAS,1885,0.0024594010000000004
SAS,1886,0.002772061
SAS,1887,0.003066015
SAS,1888,0.003409552
SAS,1889,0.004021827
SAS,1890,0.004431669
SAS,1891,0.004772419
SAS,1892,0.00524729
SAS,1893,0.0055431890000000004
SAS,1894,0.005616704
SAS,1895,0.007034702
SAS,1896,0.0076080259999999995
SAS,1897,0.008253373
SAS,1898,0.009125185000000001
SAS,1899,0.010054478
SAS,1900,0.011929561
SAS,1901,0.013179677
SAS,1902,0.014515422
SAS,1903,0.014802121
SAS,1904,0.016561006
SAS,1905,0.016930719
SAS,1906,0.019549416
SAS,1907,0.0217724
SAS,1908,0.024908241
SAS,1909,0.024142651
SAS,1910,0.023487316
SAS,1911,0.024782445
SAS,1912,0.028521446000000002
SAS,1913,0.03146676
SAS,1914,0.031698143000000005
SAS,1915,0.033141721
SAS,1916,0.033517507
SAS,1917,0.035019769
SAS,1918,0.03935931
SAS,1919,0.042974756999999995
SAS,1920,0.034867978
SAS,1921,0.037505518
SAS,1922,0.036903371
SAS,1923,0.037971888999999995
SAS,1924,0.040627951
SAS,1925,0.040084925
SAS,1926,0.039942581
SAS,1927,0.04188379
SAS,1928,0.040072958
SAS,1929,0.041707876
SAS,1930,0.042399495
SAS,1931,0.038851023
SAS,1932,0.036129475
SAS,1933,0.03546734
SAS,1934,0.039611029000000006
SAS,1935,0.041393199000000006
SAS,1936,0.040684477999999996
SAS,1937,0.04506728300000001
SAS,1938,0.050379658
SAS,1939,0.049312226
SAS,1940,0.052309527
SAS,1941,0.0535811
SAS,1942,0.053529538
SAS,1943,0.046644426
SAS,1944,0.047695989
SAS,1945,0.052874036
SAS,1946,0.052976117
SAS,1947,0.053957046
SAS,1948,0.054060168
SAS,1949,0.057402609
SAS,1950,0.069103055
SAS,1951,0.07343630000000001
SAS,1952,0.07767196900000001
SAS,1953,0.079232469
SAS,1954,0.08279431300000001
SAS,1955,0.08931131599999999
SAS,1956,0.09356815900000001
SAS,1957,0.104802804
SAS,1958,0.109943101
SAS,1959,0.115329365
SAS,1960,0.127800671
SAS,1961,0.137458507
SAS,1962,0.15131689
SAS,1963,0.163568055
SAS,1964,0.160923442
SAS,1965,0.176488415
SAS,1966,0.182525727
SAS,1967,0.18426048
SAS,1968,0.202267693
SAS,1969,0.206090534
SAS,1970,0.20985415600000001
SAS,1971,0.218408869
SAS,1972,0.229257632
SAS,1973,0.23776619400000001
SAS,1974,0.245255167
SAS,1975,0.26550938500000004
SAS,1976,0.27618895200000004
SAS,1977,0.292335782
SAS,1978,0.29898203500000003
SAS,1979,0.315404514
SAS,1980,0.335235715
SAS,1981,0.361646892
SAS,1982,0.3761414820000001
SAS,1983,0.405894678
SAS,1984,0.417914808
SAS,1985,0.459373098
SAS,1986,0.491324158
SAS,1987,0.525259548
SAS,1988,0.567473256
SAS,1989,0.6189349369999999
SAS,1990,0.664815206
SAS,1991,0.7030882419999999
SAS,1992,0.749626995
SAS,1993,0.77729026
SAS,1994,0.82308494
SAS,1995,0.873739004
SAS,1996,0.948563507
SAS,1997,0.9858064849999999
SAS,1998,1.006352771
SAS,1999,1.0874389960000002
SAS,2000,1.122009637
SAS,2001,1.141813467
SAS,2002,1.1811039810000001
SAS,2003,1.2247551060000001
SAS,2004,1.3063697870000002
SAS,2005,1.373961884
SAS,2006,1.493110814
SAS,2007,1.606446561
SAS,2008,1.7052640110000001
SAS,2009,1.8351301770000001
SAS,2010,1.904534785
SAS,2011,1.9977438730000001
SAS,2012,2.164506847
SAS,2013,2.2311601270000003
SAS,2014,2.398237001
SAS,2015,2.502737256
SAS,2016,2.6624225260000003
SAS,2017,2.761664583
SAS,2018,2.9187882060000003
SAS,2019,2.9579597399999997
SAS,2020,2.753865666
SAS,2021,3.034961873
SAS,2022,3.1675311010000002
