Model,Scenario,Region,Variable,Unit,1995,1996,1997,1998,1999,2000,2001,2002,2003,2004,2005,2006,2007,2008,2009,2010,2011,2012,2013,2014,2015,2016,2017,2018,2019,2020,2021,2022,2023,2024,2025,2026,2027,2028,2029,2030,2031,2032,2033,2034,2035,2036,2037,2038,2039,2040,2041,2042,2043,2044,2045,2046,2047,2048,2049,2050,2051,2052,2053,2054,2055,2056,2057,2058,2059,2060,2061,2062,2063,2064,2065,2066,2067,2068,2069,2070,2071,2072,2073,2074,2075,2076,2077,2078,2079,2080,2081,2082,2083,2084,2085,2086,2087,2088,2089,2090,2091,2092,2093,2094,2095,2096,2097,2098,2099,2100
REMIND-MAgPIE 2.1-4.3,DeepElec_SSP2_ HighRE_Budg900,World,AR6 climate diagnostics|Infilled|Emissions|BC,Mt BC/yr,NA,NA,NA,NA,NA,NA,NA,NA,NA,NA,NA,NA,NA,NA,NA,NA,NA,NA,NA,NA,9.727423577,9.653775472807878,9.580254725921275,9.5068613363402,9.433595304064646,9.360456629094614,9.157070591394604,8.954072748967425,8.751463101813073,8.549241649931547,8.347408393322851,8.138984449318468,7.930962733278338,7.723343245202461,7.51612598509084,7.309310952943473,7.054544044033065,6.8002770816472085,6.546510065785905,6.293242996449154,6.040475873636955,5.769492348940283,5.49904678660494,5.229139186630923,4.959769549018231,4.690937873766867,4.48742298685127,4.284313814811129,4.081610357646447,3.879312615357223,3.677420587943456,3.560297185937145,3.443406386422059,3.3267481893981934,3.2103225948655507,3.094129602824131,3.064346550932617,3.0346183541075886,3.004945012349045,2.975326525656988,2.9457628940314167,2.9309394777291105,2.9161404698052253,2.9013658702597613,2.886615679092717,2.871889896304094,2.865411322376094,2.858940019933651,2.8524759889767664,2.8460192295054383,2.8395697415196675,2.8331275250194548,2.8266925800048,2.8202649064757006,2.81384450443216,2.8074313738741763,2.806073353522523,2.8047119738295887,2.8033472347953734,2.801979136419877,2.8006076787031,2.799232861645041,2.797854685245703,2.7964731495050827,2.795088254423181,2.7937,2.78964,2.78558,2.7815200000000004,2.7774600000000005,2.7734,2.76934,2.76528,2.76122,2.7571600000000003,2.7531,2.7493700000000003,2.74564,2.7419100000000003,2.7381800000000003,2.73445,2.7307200000000003,2.7269900000000007,2.72326,2.71953,2.7158
REMIND-MAgPIE 2.1-4.3,DeepElec_SSP2_ HighRE_Budg900,World,AR6 climate diagnostics|Infilled|Emissions|CCl4,kt CCl4/yr,NA,NA,NA,NA,NA,NA,NA,NA,NA,NA,NA,NA,NA,NA,NA,NA,NA,NA,NA,NA,47.5476,45.01854578313253,42.48256265060241,39.95350843373494,37.424454216867474,34.8954,33.28229482617027,31.67359704352587,30.064899260881468,28.456201478237062,26.84309630440734,25.23439852176293,23.62570073911853,22.01700295647413,20.403897782644403,18.7952,17.92849490690033,17.061789813800658,16.192710186199342,15.326005093099672,14.4593,13.59259490690033,12.723515279299017,11.856810186199343,10.990105093099672,10.1234,9.655424965781547,9.18872855187517,8.722032137968792,8.255335724062414,7.787360689843965,7.320664275937586,6.853967862031208,6.38727144812483,5.919296413906379,5.4526,5.201167771084338,4.949735542168675,4.6976144578313255,4.446182228915663,4.19475,3.943317771084337,3.691196686746988,3.439764457831325,3.1883322289156624,2.9369,2.8011303312346016,2.665731617848344,2.530332904462086,2.394934191075828,2.2591645223104297,2.123765808924172,1.9883670955379145,1.8529683821516565,1.717198713386258,1.5818,1.5088599671412926,1.435919934282585,1.3627800657174152,1.2898400328587076,1.2169,1.1439599671412926,1.0708200985761227,0.9978800657174152,0.9249400328587076,0.852,0.8126146728716124,0.7733369559266356,0.7340592389816589,0.6947815220366822,0.6553961949082945,0.6161184779633178,0.576840761018341,0.5375630440733643,0.4981777169449767,0.4589,0.4376316538882804,0.4163633077765608,0.3950366922234392,0.3737683461117196,0.3525,0.3312316538882804,0.3099050383351588,0.2886366922234392,0.2673683461117196,0.2461
REMIND-MAgPIE 2.1-4.3,DeepElec_SSP2_ HighRE_Budg900,World,AR6 climate diagnostics|Infilled|Emissions|CFC11,kt CFC11/yr,NA,NA,NA,NA,NA,NA,NA,NA,NA,NA,NA,NA,NA,NA,NA,NA,NA,NA,NA,NA,43.5734,41.881746933187294,40.18545920043812,38.49380613362541,36.80215306681271,35.1105,33.876730331234604,32.64633161784835,31.415932904462085,30.185534191075828,28.95176452231043,27.721365808924173,26.49096709553791,25.260568382151657,24.026798713386256,22.7964,21.997317853231102,21.19823570646221,20.396964293537785,19.59788214676889,18.7988,17.999717853231104,17.198446440306682,16.399364293537786,15.600282146768894,14.8012,14.28109526416644,13.76241157952368,13.24372789488092,12.72504421023816,12.2049394744046,11.68625578976184,11.16757210511908,10.648888420476322,10.12878368464276,9.6101,9.273234583789703,8.936369167579407,8.598580832420591,8.261715416210295,7.924849999999999,7.587984583789703,7.250196248630887,6.913330832420591,6.576465416210295,6.239599999999999,6.020340651519299,5.801680372296742,5.583020093074186,5.364359813851629,5.145100465370928,4.926440186148371,4.707779906925814,4.489119627703257,4.269860279222557,4.0512,3.909197809419496,3.767195618838992,3.6248043811610073,3.482802190580504,3.3408,3.198797809419496,3.056406571741511,2.9144043811610074,2.772402190580504,2.6304,2.5379632083219272,2.4457789761839583,2.353594744045989,2.261410511908021,2.168973720229948,2.076789488091979,1.9846052559540104,1.8924210238160413,1.7999842321379689,1.7078,1.6477229189485214,1.5876458378970426,1.5274041621029573,1.4673270810514785,1.40725,1.347172918948521,1.2869312431544355,1.2268541621029572,1.1667770810514786,1.1066999999999998
REMIND-MAgPIE 2.1-4.3,DeepElec_SSP2_ HighRE_Budg900,World,AR6 climate diagnostics|Infilled|Emissions|CFC113,kt CFC113/yr,NA,NA,NA,NA,NA,NA,NA,NA,NA,NA,NA,NA,NA,NA,NA,NA,NA,NA,NA,NA,0.8742000000000001,0.7816107338444688,0.6887677984665936,0.5961785323110624,0.5035892661555312,0.411,0.3789286613742129,0.3469449493566931,0.3149612373391732,0.2829775253216534,0.2509061866958664,0.2189224746783465,0.1869387626608267,0.1549550506433069,0.1228837120175198,0.0908999999999999,0.0838238773274917,0.0767477546549835,0.0696522453450164,0.0625761226725082,0.0554999999999999,0.0484238773274917,0.0413283680175246,0.0342522453450164,0.0271761226725082,0.0200999999999999,0.0185269915138242,0.0169582808650424,0.0153895702162606,0.0138208595674787,0.012247851081303,0.0106791404325212,0.0091104297837393,0.0075417191349575,0.0059687106487818,0.0044,0.0040601861993428,0.0037203723986856,0.0033796276013143,0.0030398138006571,0.0027,0.0023601861993428,0.0020194414019715,0.0016796276013143,0.0013398138006571,0.001,9.198467013413e-4,8.399124007664e-4,7.599781001916e-4,6.800437996167e-4,5.998905009581e-4,5.199562003832e-4,4.400218998083e-4,3.600875992335e-4,2.799343005748e-4,1.999999999999e-4,1.800109529025e-4,1.60021905805e-4,1.399780941949e-4,1.199890470974e-4,1e-4,8.001095290251917e-5,5.99671412924425e-5,3.997809419496168e-5,1.9989047097480824e-5,0,0,0,0,0,0,0,0,0,0,0,0,0,0,0,0,0,0,0,0,0
REMIND-MAgPIE 2.1-4.3,DeepElec_SSP2_ HighRE_Budg900,World,AR6 climate diagnostics|Infilled|Emissions|CFC114,kt CFC114/yr,NA,NA,NA,NA,NA,NA,NA,NA,NA,NA,NA,NA,NA,NA,NA,NA,NA,NA,NA,NA,1.6696,1.515315993181818,1.3606092904545457,1.2063252836363636,1.052041276818182,0.89775727,0.8338038978072817,0.770025261604161,0.7062466254010402,0.6424679891979195,0.5785146170052012,0.5147359808020805,0.4509573445989597,0.387178708395839,0.3232253362031206,0.2594466999999999,0.2410177104764513,0.2225887209529025,0.2041092410470975,0.1856802515235487,0.167251262,0.1488222724764512,0.1303427925706462,0.1119138030470975,0.0934848135235487,0.075055824,0.069713281823159,0.0643853367560908,0.0590573916890227,0.0537294466219545,0.0483869044451136,0.0430589593780454,0.0377310143109772,0.0324030692439091,0.0270605270670681,0.021732582,0.0201875026788061,0.0186424233576122,0.0170931109423877,0.0155480316211938,0.0140029523,0.0124578729788061,0.0109085605635816,0.0093634812423877,0.0078184019211938,0.0062733225999999,0.005824369476485,0.0053766430008486,0.0049289165252121,0.0044811900495756,0.0040322369260607,0.0035845104504243,0.0031367839747878,0.0026890574991513,0.0022401043756364,0.0017923779,0.0016580231760268,0.0015236684520536,0.0013889456329463,0.0012545909089731,0.001120236185,9.858814610268e-4,8.511586419194e-4,7.168039179463e-4,5.824491939731e-4,4.4809447e-4,4.256468143252e-4,4.032604910429e-4,3.808741677607e-4,3.584878444785e-4,3.360401888037e-4,3.136538655214e-4,2.912675422392e-4,2.68881218957e-4,2.464335632822e-4,2.2404724e-4,2.016547858378e-4,1.792623316757e-4,1.568085283242e-4,1.344160741621e-4,1.1202362e-4,8.963116583789703e-5,6.717736248630887e-5,4.4784908324205913e-5,2.239245416210296e-5,0
REMIND-MAgPIE 2.1-4.3,DeepElec_SSP2_ HighRE_Budg900,World,AR6 climate diagnostics|Infilled|Emissions|CFC115,kt CFC115/yr,NA,NA,NA,NA,NA,NA,NA,NA,NA,NA,NA,NA,NA,NA,NA,NA,NA,NA,NA,NA,1.6714,1.6142527735487404,1.5569489793537787,1.4998017529025192,1.4426545264512596,1.3855073,1.3420655697235149,1.2987425326991513,1.255419495674788,1.2120964586504244,1.1686547283739392,1.1253316913495757,1.082008654325212,1.0386856173008487,0.9952438870243636,0.95192085,0.9221874182913472,0.8924539865826945,0.8626390934173056,0.8329056617086529,0.80317223,0.7734387982913473,0.7436239051259584,0.7138904734173056,0.6841570417086529,0.65442361,0.6339182691349576,0.6134689537914043,0.5930196384478511,0.5725703231042979,0.5520649822392555,0.5316156668957022,0.511166351552149,0.4907170362085957,0.4702116953435532,0.44976238,0.4357040202108433,0.4216456604216868,0.4075487845783133,0.3934904247891566,0.379432065,0.3653737052108434,0.3512768293674699,0.3372184695783132,0.3231601097891566,0.30910175,0.2994128002217355,0.2897503229838489,0.2800878457459622,0.2704253685080756,0.2607364187298111,0.2510739414919244,0.2414114642540378,0.2317489870161511,0.2220600372378867,0.21239756,0.2057549847672508,0.1991124095345016,0.1924516354654983,0.1858090602327491,0.179166485,0.1725239097672508,0.1658631356982475,0.1592205604654983,0.1525779852327491,0.14593541,0.1413551789953462,0.136787462283055,0.1322197455707637,0.1276520288584725,0.1230717978538187,0.1185040811415275,0.1139363644292362,0.1093686477169449,0.1047884167122912,0.1002207,0.0970575691223986,0.0938944382447973,0.0907226412552026,0.0875595103776013,0.0843963795,0.0812332486223987,0.0780614516328039,0.0748983207552026,0.0717351898776013,0.068572059
REMIND-MAgPIE 2.1-4.3,DeepElec_SSP2_ HighRE_Budg900,World,AR6 climate diagnostics|Infilled|Emissions|CFC12,kt CFC12/yr,NA,NA,NA,NA,NA,NA,NA,NA,NA,NA,NA,NA,NA,NA,NA,NA,NA,NA,NA,NA,14.6096,12.888682968236584,11.163051095290252,9.442134063526831,7.721217031763417,6.000299999999999,5.500534163701068,5.002133807829182,4.503733451957295,4.005333096085409,3.5055672597864773,3.007166903914591,2.508766548042705,2.0103661921708187,1.5106003558718868,1.0122,0.9280960843373494,0.8439921686746987,0.7596578313253012,0.6755539156626506,0.5914499999999999,0.5073460843373493,0.4230117469879517,0.3389078313253011,0.2548039156626505,0.1706999999999998,0.1564828086504243,0.1423044620859567,0.1281261155214891,0.1139477689570216,0.0997305776074459,0.0855522310429783,0.0713738844785108,0.0571955379140432,0.0429783465644675,0.0287999999999999,0.026411308871851,0.024022617743702,0.0216273822562979,0.0192386911281489,0.01685,0.014461308871851,0.0120660733844468,0.0096773822562979,0.0072886911281489,0.0049,0.0044892143443744,0.0040795510539282,0.003669887763482,0.0032602244730358,0.0028494388174103,0.0024397755269641,0.0020301122365179,0.0016204489460717,0.0012096632904462,8e-4,7.300383351588e-4,6.600766703176e-4,5.899233296823e-4,5.199616648411e-4,4.5e-4,3.800383351588e-4,3.098849945235e-4,2.399233296823e-4,1.699616648411e-4,1e-4,8.99808376676704e-5,7.998905009581166e-5,6.999726252395292e-5,6.0005474952094166e-5,4.9986312619764574e-5,3.999452504790583e-5,3.0002737476047083e-5,2.0010949904188327e-05,9.991787571858742e-6,-1.3552527156068804e-20,0.0011993428258488,0.0023986856516977,0.0036013143483023,0.0048006571741511,0.006,0.0071993428258488,0.0084019715224534,0.0096013143483023,0.0108006571741511,0.012
REMIND-MAgPIE 2.1-4.3,DeepElec_SSP2_ HighRE_Budg900,World,AR6 climate diagnostics|Infilled|Emissions|CH2Cl2,kt CH2Cl2/yr,NA,NA,NA,NA,NA,NA,NA,NA,NA,NA,NA,NA,NA,NA,NA,NA,NA,NA,NA,NA,1267.9806,1316.1129061336255,1364.3770815991238,1412.509387732749,1460.6416938663745,1508.774,1398.158129592116,1287.844488338352,1177.530847084588,1067.2172058308238,956.60133542294,846.287694169176,735.974052915412,625.6604116616479,515.044541253764,404.7309,395.9675918127054,387.2042836254108,378.41696637458926,369.6536581872946,360.89035,352.1270418127054,343.3397245618839,334.57641637458926,325.81310818729463,317.0498,317.4719273473857,317.89290134136326,318.3138753353408,318.7348493293184,319.15697667670406,319.5779506706816,319.9989246646592,320.4198986586367,320.8420260060224,321.263,321.4660887185104,321.6691774370208,321.8728225629792,322.0759112814896,322.279,322.4820887185104,322.6857338444688,322.8888225629792,323.0919112814896,323.295,323.75710380509173,324.217945031481,324.67878625787023,325.1396274842595,325.6017312893512,326.0625725157405,326.5234137421298,326.984254968519,327.4463587736107,327.9072,328.5850985487404,329.2629970974808,329.94275290251915,330.6206514512596,331.29855,331.97644854874045,332.6562043537788,333.3341029025192,334.0120014512596,334.6899,335.26327662195456,335.8350866411169,336.40689666027924,336.9787066794416,337.5520833013961,338.12389332055847,338.69570333972075,339.2675133588831,339.84088998083763,340.4127,340.32545780394304,340.23821560788605,340.1507343921139,340.0634921960569,339.97625,339.88900780394306,339.8015265881709,339.71428439211394,339.62704219605695,339.5398
REMIND-MAgPIE 2.1-4.3,DeepElec_SSP2_ HighRE_Budg900,World,AR6 climate diagnostics|Infilled|Emissions|CH3Br,kt CH3Br/yr,NA,NA,NA,NA,NA,NA,NA,NA,NA,NA,NA,NA,NA,NA,NA,NA,NA,NA,NA,NA,133.82299999999998,135.2216536144578,136.62413915662648,138.02279277108434,139.42144638554217,140.8201,138.08446791678074,135.3563102381604,132.6281525595401,129.8999948809198,127.16436279770052,124.4362051190802,121.7080474404599,118.97988976183956,116.2442576786203,113.5161,113.190678313253,112.86525662650602,112.53894337349396,112.213521686747,111.8881,111.562678313253,111.23636506024096,110.91094337349396,110.585521686747,110.2601,110.04573000273749,109.83194571584998,109.6181614289625,109.404377142075,109.19000714481248,108.976222857925,108.7624385710375,108.54865428415002,108.3342842868875,108.1205,108.002694550931,107.884889101862,107.76676089813802,107.648955449069,107.53115,107.413344550931,107.29521634720702,107.177410898138,107.059605449069,106.9418,106.87688584724884,106.81214905557076,106.74741226389268,106.6826754722146,106.61776131946344,106.55302452778538,106.48828773610732,106.42355094442924,106.35863679167808,106.2939,106.25566095290252,106.21742190580504,106.17907809419496,106.14083904709749,106.1026,106.06436095290252,106.02601714129244,105.98777809419497,105.94953904709747,105.9113,105.87884793320558,105.84648453326034,105.81412113331508,105.78175773336984,105.74930566657542,105.71694226663016,105.68457886668492,105.65221546673966,105.61976339994526,105.5874,105.55501774370208,105.52263548740416,105.49016451259584,105.45778225629792,105.4254,105.39301774370207,105.36054676889376,105.32816451259583,105.29578225629793,105.2634
REMIND-MAgPIE 2.1-4.3,DeepElec_SSP2_ HighRE_Budg900,World,AR6 climate diagnostics|Infilled|Emissions|CH3CCl3,kt CH3CCl3/yr,NA,NA,NA,NA,NA,NA,NA,NA,NA,NA,NA,NA,NA,NA,NA,NA,NA,NA,NA,NA,0,0,0,0,0,0,0,0,0,0,0,0,0,0,0,0,0,0,0,0,0,0,0,0,0,0,0,0,0,0,0,0,0,0,0,0,0,0,0,0,0,0,0,0,0,0,0,0,0,0,0,0,0,0,0,0,0,0,0,0,0,0,0,0,0,0,0,0,0,0,0,0,0,0,0,0,0,0,0,0,0,0,0,0,0,0
REMIND-MAgPIE 2.1-4.3,DeepElec_SSP2_ HighRE_Budg900,World,AR6 climate diagnostics|Infilled|Emissions|CH3Cl,kt CH3Cl/yr,NA,NA,NA,NA,NA,NA,NA,NA,NA,NA,NA,NA,NA,NA,NA,NA,NA,NA,NA,NA,5404.8069,5438.242878915662,5471.770463253012,5505.206442168675,5538.642421084338,5572.0784,5485.053128223379,5398.265630413359,5311.47813260334,5224.690634793321,5137.665363016698,5050.877865206679,4964.09036739666,4877.3028695866415,4790.277597810019,4703.4901,4693.639317688938,4683.788535377875,4673.910764622125,4664.059982311062,4654.209199999999,4644.358417688937,4634.480646933187,4624.629864622125,4614.779082311062,4604.9283,4595.890985518751,4586.8783631535725,4577.865740788393,4568.853118423213,4559.815803941965,4550.803181576786,4541.790559211607,4532.777936846427,4523.74062236518,4514.728,4510.091720427164,4505.455440854326,4500.806459145673,4496.170179572837,4491.5339,4486.897620427163,4482.24863871851,4477.6123591456735,4472.976079572836,4468.3398,4465.8973085683,4463.461490610457,4461.025672652614,4458.589854694771,4456.147363263071,4453.711545305228,4451.275727347385,4448.839909389542,4446.397417957843,4443.9616,4441.947633543264,4439.933667086528,4437.914182913472,4435.900216456736,4433.88625,4431.872283543264,4429.852799370208,4427.838832913472,4425.824866456736,4423.8109,4421.205026088147,4418.60627205037,4416.007518012592,4413.408763974815,4410.802890062962,4408.204136025185,4405.605381987408,4403.006627949631,4400.400754037777,4397.802,4395.202534364731,4392.603068729463,4389.996481270537,4387.397015635268,4384.797549999999,4382.198084364732,4379.591496905805,4376.992031270536,4374.3925656352685,4371.7931
REMIND-MAgPIE 2.1-4.3,DeepElec_SSP2_ HighRE_Budg900,World,AR6 climate diagnostics|Infilled|Emissions|CH4,Mt CH4/yr,NA,NA,NA,NA,NA,NA,NA,NA,NA,NA,NA,NA,NA,NA,NA,NA,NA,NA,NA,NA,388.0727957,387.04464795822986,386.0164542585341,384.988214600913,383.9599289853665,382.9315974118944,366.68342063120105,350.4345232908635,334.1849053908816,317.9345669312555,301.68350791198526,291.4900588485847,281.29615772496527,271.101804541127,260.90699929706994,250.7117419927941,245.56626960459545,240.4205689530638,235.27464003819924,230.1284828600017,224.98209741847123,222.56390404131983,220.14560329503044,217.72719517960297,215.30867969503743,212.8900568413339,210.8400880328872,208.79002819302585,206.73987732174976,204.68963541905896,202.63930248495345,200.77923516374605,198.91908524381145,197.05885272514965,195.19853760776056,193.33813989164432,193.27066798066792,193.2031928913873,193.1357146238024,193.06823317791321,193.0007485537197,192.77346567834488,192.54617254740552,192.31886916090167,192.0915555188333,191.86423162120045,191.50587259077693,191.1474975023917,190.78910635604475,190.430699151736,190.0722758894656,189.7138365692333,189.35538119103936,188.9969097548837,188.6384222607663,188.27991870868715,187.4240481893641,186.5681395919198,185.7121929163542,184.85620816266737,184.0001853308593,183.14412442093,182.28802543287927,181.4318883667075,180.5757132224144,179.7195,178.57032,177.42114000000004,176.27196000000004,175.12278000000003,173.9736,172.82442000000003,171.67524000000003,170.52606000000003,169.37688,168.2277,167.57305,166.91840000000002,166.26375000000002,165.6091,164.95445,164.2998,163.64515,162.9905,162.33585,161.6812
REMIND-MAgPIE 2.1-4.3,DeepElec_SSP2_ HighRE_Budg900,World,AR6 climate diagnostics|Infilled|Emissions|CHCl3,kt CHCl3/yr,NA,NA,NA,NA,NA,NA,NA,NA,NA,NA,NA,NA,NA,NA,NA,NA,NA,NA,NA,NA,459.6462,468.7647775191676,477.90833744249727,487.0269149616648,496.1454924808325,505.26407,487.429070344922,469.6428001970983,451.85653004927457,434.07025990145087,416.2352602463728,398.44899009854913,380.66271995072543,362.8764498029017,345.0414501478237,327.25518,325.13355253559695,323.01192507119384,320.8844849288061,318.76285746440306,316.64122999999995,314.5196025355969,312.3921623932092,310.2705349288061,308.148907464403,306.02728,304.6296980290172,303.23593458800985,301.84217114700243,300.44840770599507,299.0508257350123,297.6570622940049,296.26329885299754,294.8695354119901,293.4719534410074,292.07819,291.31016283680174,290.5421356736035,289.7720043263965,289.0039771631983,288.23595,287.46792283680173,286.69779148959475,285.9297643263965,285.16173716319827,284.39371,283.9704855543389,283.5484174596222,283.12634936490554,282.70428127018886,282.2810568245277,281.8589887298112,281.43692063509445,281.0148525403778,280.59162809471667,280.16956,279.9203155722892,279.6710711445783,279.4211438554217,279.17189942771085,278.922655,278.6734105722892,278.4234832831325,278.17423885542166,277.92499442771083,277.67575,277.4641332685464,277.2530947248836,277.0420561812209,276.83101763755815,276.61940090610454,276.40836236244184,276.19732381877907,275.9862852751164,275.7746685436628,275.56363,275.35254266429354,275.1414553285871,274.9297896714129,274.71870233570644,274.507615,274.29652766429354,274.0848620071194,273.8737746714129,273.66268733570644,273.4516
REMIND-MAgPIE 2.1-4.3,DeepElec_SSP2_ HighRE_Budg900,World,AR6 climate diagnostics|Infilled|Emissions|CO,Mt CO/yr,NA,NA,NA,NA,NA,NA,NA,NA,NA,NA,NA,NA,NA,NA,NA,NA,NA,NA,NA,NA,934.3498847,923.5713085819071,912.80664102006,902.0558820144588,891.3190315651033,880.5960896719932,866.5829341969969,852.5882358385275,838.6119945965849,824.6542104711689,810.7148834622801,793.5520309125059,776.4121139092168,759.2951324524129,742.201086542094,725.1299761782602,705.3599940161413,685.6167202970582,665.9001550210108,646.2102981879995,626.5471497980238,608.8674317524711,591.2117003622105,573.5799556272423,555.9721975475661,538.3884261231822,526.4009905718601,514.4297635250456,502.4747449827384,490.5359349449389,478.6133334116467,471.15852613278224,463.7136918632344,456.27883060300337,448.85394235208895,441.4390271104912,442.63001000724256,443.81888298141104,445.0056460329964,446.1902991619988,447.3728423684183,449.2638885142378,451.1518223361556,453.0366438341717,454.91835300828586,456.7969498584984,458.3038025987373,459.8080648529637,461.3097366211776,462.8088179033792,464.305308699568,465.79920900974446,467.2905188339085,468.7792381720599,470.2653670241989,471.74890539032543,472.8476388285388,473.94432670331946,475.0389690146674,476.13156576258257,477.22211694706505,478.3106225681149,479.397082625732,480.4814971199164,481.5638660506679,482.6441894179868,482.3072055193533,481.97020828054855,481.6331977015727,481.2961737824253,480.9591365231066,480.6220859236168,480.2850219839556,479.9479447041231,479.61085408411947,479.2737501239444,478.85200192779104,478.4303627947141,478.0088327247135,477.5874117177894,477.1660997739416,476.7448968931705,476.3238030754755,475.90281832085697,475.4819426293149,475.0611760008492
REMIND-MAgPIE 2.1-4.3,DeepElec_SSP2_ HighRE_Budg900,World,AR6 climate diagnostics|Infilled|Emissions|CO2,Mt CO2/yr,NA,NA,NA,NA,NA,NA,NA,NA,NA,NA,NA,NA,NA,NA,NA,NA,NA,NA,NA,NA,39152.7263,39662.263010217,40171.96124597476,40681.82100727328,41191.84229411256,41702.02510649259,39518.20973551033,37333.87599681132,35149.02389039552,32963.65341626297,30777.764574413664,28474.98762834785,26171.56264925045,23867.489637121467,21562.768591960885,19257.399513768727,17946.070414994898,16634.35720921194,15322.25989641984,14009.77847661861,12696.91294980825,11702.04459133923,10706.862212436055,9711.365813098726,8715.555393327242,7719.430953121604,6954.785302772716,6189.895501205523,5424.761548420025,4659.383444416224,3893.7611891941183,3451.173025414159,3008.4487702593988,2565.588423729838,2122.5919858254747,1679.4594565463117,1399.4806924936845,1119.423560059267,839.2880592430596,559.074190045063,278.78195246527616,95.8200212522288,-87.18690790498579,-270.2388350063678,-453.33576005191713,-636.477683041634,-717.9311274622778,-799.4052273547987,-880.8999827191961,-962.4153935554708,-1043.951459863622,-1125.50818164365,-1207.085558895555,-1288.6835916193368,-1370.3022798149957,-1451.941623482531,-1478.0337613582433,-1504.1312083199882,-1530.2339643677656,-1556.3420295015746,-1582.4554037214166,-1608.5740870272907,-1634.6980794191973,-1660.8273808971362,-1686.9619914611071,-1713.101911111111,-1737.0566566666666,-1761.0114022222224,-1784.966147777778,-1808.9208933333327,-1832.875638888889,-1856.8303844444445,-1880.78513,-1904.7398755555555,-1928.6946211111112,-1952.6493666666663,-1960.2926722222223,-1967.9359777777777,-1975.5792833333333,-1983.222588888889,-1990.8658944444444,-1998.5092,-2006.152505555556,-2013.795811111111,-2021.439116666667,-2029.0824222222225
REMIND-MAgPIE 2.1-4.3,DeepElec_SSP2_ HighRE_Budg900,World,AR6 climate diagnostics|Infilled|Emissions|CO2|AFOLU,Mt CO2/yr,NA,NA,NA,NA,NA,NA,NA,NA,NA,NA,NA,NA,NA,NA,NA,NA,NA,NA,NA,NA,3517.44,3503.235704444445,3489.031408888889,3474.827113333334,3460.6228177777784,3446.4185222222227,2920.903206666668,2395.3878911111115,1869.872575555556,1344.3572600000002,818.8419444444446,593.5813488888891,368.32075333333376,143.06015777777793,-82.20043777777755,-307.4610333333332,-386.70768888888887,-465.9543444444443,-545.2009999999999,-624.4476555555555,-703.694311111111,-690.1035866666666,-676.5128622222221,-662.9221377777777,-649.3314133333332,-635.7406888888889,-615.3762444444444,-595.0118,-574.6473555555555,-554.2829111111112,-533.9184666666665,-538.5608222222221,-543.2031777777777,-547.8455333333332,-552.4878888888888,-557.1302444444443,-584.6726199999999,-612.2149955555554,-639.7573711111112,-667.2997466666666,-694.8421222222222,-732.6981177777777,-770.5541133333332,-808.4101088888889,-846.2661044444444,-884.1221,-898.8848155555555,-913.6475311111112,-928.4102466666666,-943.1729622222224,-957.9356777777778,-972.6983933333332,-987.4611088888888,-1002.2238244444444,-1016.98654,-1031.7492555555557,-1040.598501111111,-1049.4477466666667,-1058.2969922222223,-1067.1462377777775,-1075.9954833333334,-1084.8447288888888,-1093.6939744444444,-1102.54322,-1111.3924655555554,-1120.241711111111,-1119.0646066666666,-1117.8875022222223,-1116.710397777778,-1115.5332933333334,-1114.356188888889,-1113.1790844444445,-1112.00198,-1110.8248755555555,-1109.647771111111,-1108.4706666666666,-1097.9367422222222,-1087.4028177777775,-1076.8688933333333,-1066.3349688888889,-1055.8010444444444,-1045.26712,-1034.7331955555555,-1024.199271111111,-1013.6653466666668,-1003.1314222222222
REMIND-MAgPIE 2.1-4.3,DeepElec_SSP2_ HighRE_Budg900,World,AR6 climate diagnostics|Infilled|Emissions|CO2|Energy and Industrial Processes,Mt CO2/yr,NA,NA,NA,NA,NA,NA,NA,NA,NA,NA,NA,NA,NA,NA,NA,NA,NA,NA,NA,NA,35635.2863,36159.02730577256,36682.92983708587,37206.99389393994,37731.21947633477,38255.60658427037,36597.30652884366,34938.488105700206,33279.15131483996,31619.29615626297,29958.92262996922,27881.406279458963,25803.241895917115,23724.42947934369,21644.969029738662,19564.86054710206,18332.778103883786,17100.311553656382,15867.46089641984,14634.226132174166,13400.60726091936,12392.148178005897,11383.37507465828,10374.287950876504,9364.886806660576,8355.171642010493,7570.161547217161,6784.907301205523,5999.408903975581,5213.666355527335,4427.679655860785,3989.733847636381,3551.6519480371767,3113.433957063171,2675.0798747143635,2236.589700990756,1984.153312493684,1731.6385556148225,1479.0454303541708,1226.3739367117296,973.6240746874984,828.5181390300065,683.3672054283475,538.1712738825211,392.9303443925273,247.6444169583661,180.9536880932777,114.24230375631248,47.51026394747043,-19.24243133324845,-86.0157820858442,-152.80978831031678,-219.62445000666617,-286.4597671748924,-353.3157398149954,-420.1923679269753,-437.4352602471322,-454.6834616533216,-471.9369721455431,-489.19579172379713,-506.4599203880833,-523.729358138402,-541.004104974753,-558.2841608971362,-575.5695259055519,-592.8602,-617.99205,-643.1239,-668.25575,-693.3876,-718.51945,-743.6513000000001,-768.7831500000001,-793.9150000000001,-819.0468500000001,-844.1787,-862.3559300000001,-880.5331600000001,-898.7103900000002,-916.8876200000002,-935.06485,-953.2420800000002,-971.4193100000002,-989.59654,-1007.77377,-1025.951
REMIND-MAgPIE 2.1-4.3,DeepElec_SSP2_ HighRE_Budg900,World,AR6 climate diagnostics|Infilled|Emissions|F-Gases,Mt CO2/yr,NA,NA,NA,NA,NA,NA,NA,NA,NA,NA,NA,NA,NA,NA,NA,NA,NA,NA,NA,NA,1288.190261,1353.4935273004153,1418.7967936008306,1484.100059901246,1549.4033262016617,1614.7065925020763,1441.0469654369422,1267.3873383718076,1093.727711306673,920.0680842415384,746.4084571764038,672.5502131150425,598.6919690536812,524.8337249923198,450.97548093095855,377.1172368695972,359.7708899899808,342.42454311036425,325.07819623074784,307.73184935113136,290.3855024715149,273.03915559189846,255.69280871228207,238.34646183266565,221.0001149530492,203.6537680734328,201.81714514083416,199.9805222082356,198.14389927563693,196.3072763430384,194.47065341043967,192.6340304778412,190.7974075452426,188.960784612644,187.12416168004543,185.2875387474468,185.5877935451808,185.8880483429147,186.1883031406486,186.4885579383825,186.78881273611643,187.0890675338504,187.38932233158428,187.68957712931825,187.9898319270521,188.290086724786,191.645069531999,195.000052339212,198.355035146425,201.710017953638,205.0650007608509,208.419983568064,211.77496637527688,215.12994918248987,218.48493198970283,221.83991479691585,220.2350713505141,218.6302279041124,217.02538445771071,215.42054101130904,213.8156975649073,212.2108541185056,210.606010672104,209.0011672257022,207.3963237793005,205.7914803328988,206.0248300515444,206.25817977018988,206.49152948883545,206.7248792074809,206.95822892612648,207.191578644772,207.4249283634176,207.6582780820631,207.89162780070865,208.12497751935416,211.59432375980293,215.06367000025165,218.5330162407004,222.0023624811492,225.4717087215979,228.94105496204665,232.41040120249545,235.8797474429441,239.3490936833929,242.81843992384165
REMIND-MAgPIE 2.1-4.3,DeepElec_SSP2_ HighRE_Budg900,World,AR6 climate diagnostics|Infilled|Emissions|HCFC141b,kt HCFC141b/yr,NA,NA,NA,NA,NA,NA,NA,NA,NA,NA,NA,NA,NA,NA,NA,NA,NA,NA,NA,NA,59.82,60.84231842552026,61.86743772343921,62.88975614895948,63.91207457447974,64.934393,63.838095355871886,62.74479306049822,61.65149076512456,60.55818846975089,59.46189082562277,58.36858853024911,57.27528623487544,56.18198393950178,55.08568629537366,53.992384,51.77101718729463,49.54965037458926,47.32219762541073,45.10083081270536,42.879464,40.65809718729463,38.4306444381161,36.209277625410735,33.987910812705366,31.766544,30.40352533369833,29.04423076211333,27.684936190528333,26.325641618943337,24.962622952641667,23.603328381056667,22.244033809471667,20.88473923788667,19.521720571585,18.162426000000004,17.38503536746988,16.607644734939758,15.82812426506024,15.050733632530122,14.273343,13.49595236746988,12.71643189759036,11.939041265060242,11.161650632530122,10.38426,9.938706177881194,9.49436971593211,9.050033253983027,8.605696792033946,8.160142969915139,7.715806507966056,7.271470046016972,6.827133584067889,6.381579761949083,5.9372433,5.683123373795181,5.429003447590361,5.174187302409639,4.92006737620482,4.66594745,4.411827523795181,4.157011378614458,3.902891452409639,3.64877152620482,3.3946516000000004,3.248992266575418,3.1037309094716674,2.958469552367917,2.813208195264167,2.667548861839584,2.522287504735834,2.377026147632084,2.231764790528333,2.0861054571037507,1.9408441000000003,1.866835492661556,1.7928268853231109,1.7186155146768896,1.6446069073384448,1.5705983,1.4965896926615554,1.422378322015334,1.3483697146768894,1.2743611073384449,1.2003525
REMIND-MAgPIE 2.1-4.3,DeepElec_SSP2_ HighRE_Budg900,World,AR6 climate diagnostics|Infilled|Emissions|HCFC142b,kt HCFC142b/yr,NA,NA,NA,NA,NA,NA,NA,NA,NA,NA,NA,NA,NA,NA,NA,NA,NA,NA,NA,NA,22.47,21.99041838444688,21.509522846659365,21.029941231106243,20.550359615553123,20.070778,19.22492765343553,18.381388373391733,17.537849093347933,16.694309813304134,15.848459466739666,15.004920186695866,14.161380906652068,13.317841626608269,12.4719912800438,11.628452,10.82606060651698,10.023669213033957,9.219079486966049,8.416688093483025,7.614296700000001,6.8119053065169775,6.007315580449069,5.204924186966046,4.402532793483023,3.6001414,3.3407064629619487,3.081980364549685,2.823254266137421,2.564528167725157,2.305093230687106,2.0463671322748427,1.7876410338625788,1.5289149354503149,1.269479998412264,1.0107539,0.9380959555722892,0.8654380111445784,0.7925810038554217,0.7199230594277108,0.6472651150000001,0.5746071705722892,0.5017501632831326,0.4290922188554217,0.3564342744277108,0.28377633,0.2633226475351766,0.2429248494486723,0.2225270513621681,0.2021292532756638,0.1816755708108404,0.1612777727243361,0.1408799746378319,0.1204821765513276,0.1000284940865042,0.079630696,0.0739108848430996,0.0681910736861993,0.0624555918138006,0.0567357806569003,0.0510159695,0.0452961583430996,0.0395606764707009,0.0338408653138006,0.0281210541569003,0.022401243,0.0207875563941418,0.019178278768081,0.0175690011420202,0.0159597235159594,0.0143460369101012,0.0127367592840405,0.0111274816579797,0.0095182040319189,0.0079045174260607,0.0062952398,0.007757877174863,0.0092205145497261,0.0106871591502738,0.0121497965251369,0.0136124338999999,0.015075071274863,0.0165417158754107,0.0180043532502738,0.0194669906251369,0.020929628
REMIND-MAgPIE 2.1-4.3,DeepElec_SSP2_ HighRE_Budg900,World,AR6 climate diagnostics|Infilled|Emissions|HCFC22,kt HCFC22/yr,NA,NA,NA,NA,NA,NA,NA,NA,NA,NA,NA,NA,NA,NA,NA,NA,NA,NA,NA,NA,358.8813,351.62917976451257,344.35719070646223,337.1050704709748,329.85295023548736,322.60083,304.6374137393923,286.7230778510813,268.80874196277034,250.89440607445937,232.9309898138516,215.01665392554068,197.1023180372297,179.1879821489187,161.22456588831102,143.31023000000005,131.01482121029576,118.7194124205915,106.39031757940856,94.0949087897043,81.79950000000002,69.50409121029574,57.17499636911283,44.87958757940855,32.58417878970428,20.28877,18.44469737514372,16.605663200082123,14.766629025020531,12.927594849958938,11.083522225102657,9.244488050041062,7.405453874979468,5.566419699917876,3.722347075061592,1.8833129,1.712559619441402,1.541806338882804,1.3705852411171962,1.199831960558598,1.02907868,0.8583253994414022,0.6871043016757943,0.5163510211171962,0.3455977405585981,0.1748444600000001,0.1589549389055571,0.1431088318031754,0.1272627247007938,0.1114166175984122,0.0955270965039693,0.0796809894015877,0.0638348822992061,0.0479887751968245,0.0320992541023816,0.0162531469999999,0.014776397357886,0.0132996477157721,0.0118188521842278,0.0103421025421139,0.0088653529,0.007388603257886,0.0059078077263417,0.0044310580842278,0.0029543084421139,0.0014775588,0.0013459685646865,0.0012147378655351,0.0010835071663837,9.522764672324e-4,8.206862319189e-4,6.894555327675e-4,5.582248336162e-4,4.269941344648e-4,2.954038991513e-4,1.641732e-4,0.0010502229732749,0.0019362727465498,0.0028247500534501,0.003710799826725,0.0045968496,0.0054828993732749,0.0063713766801752,0.0072574264534501,0.008143476226725,0.009029526
REMIND-MAgPIE 2.1-4.3,DeepElec_SSP2_ HighRE_Budg900,World,AR6 climate diagnostics|Infilled|Emissions|HFC,kt HFC134a-equiv/yr,NA,NA,NA,NA,NA,NA,NA,NA,NA,NA,NA,NA,NA,NA,NA,NA,NA,NA,NA,NA,687.3615881,732.1153703977594,776.8691526955189,821.6229349932782,866.3767172910377,911.130499588797,818.289490048228,725.4484805076588,632.6074709670897,539.76646142652055,446.92545188595136,394.10180142785646,341.27815096976155,288.45450051166654,235.63085005357163,182.80719959547667,171.68916956449888,160.57113953352112,149.4531095025433,138.3350794715655,127.2170494405877,116.09901940960992,104.98098937863212,93.86295934765432,82.74492931667652,71.62689928569873,72.93705083249166,74.24720237928459,75.55735392607752,76.86750547287045,78.17765701966339,79.48778662160443,80.7979162235455,82.10804582548656,83.41817542742761,84.72830502936866,85.95484669050816,87.18138835164766,88.40793001278716,89.63447167392664,90.86101333506616,92.08757694105752,93.31414054704892,94.5407041530403,95.76726775903168,96.99383136502306,98.30639684552251,99.61896232602196,100.93152780652144,102.2440932870209,103.55665876752036,104.86922424801982,106.18178972851928,107.49435520901874,108.8069206895182,110.11948617001764,111.03723084796236,111.95497552590705,112.87272020385171,113.79046488179642,114.70820955974108,115.6259542376858,116.54369891563049,117.46144359357515,118.37918827151984,119.29693294946452,120.45804603473114,121.61915911999776,122.78027220526435,123.941385290531,125.1024983757976,126.26361146106422,127.42472454633084,128.58583763159743,129.74695071686403,130.90806380213064,132.2480493750511,133.58803494797155,134.928020520892,136.26800609381246,137.6079916667329,138.94797723965337,140.2879628125738,141.62794838549425,142.96793395841468,144.30791953133513
REMIND-MAgPIE 2.1-4.3,DeepElec_SSP2_ HighRE_Budg900,World,AR6 climate diagnostics|Infilled|Emissions|HFC|HFC125,kt HFC125/yr,NA,NA,NA,NA,NA,NA,NA,NA,NA,NA,NA,NA,NA,NA,NA,NA,NA,NA,NA,NA,78.7906,89.11425449787691,99.4379089957538,109.76156349363072,120.0852179915076,130.4088724893845,127.3386276955311,124.26838290167773,121.19813810782432,118.12789331397092,115.05764852011752,98.97771643310357,82.8977843460896,66.81785225907561,50.73792017206163,34.657988085047656,29.395818138026325,24.133648191005,18.871478243983656,13.60930829696232,8.347138349940984,8.567634190289843,8.788130030638701,9.008625870987556,9.229121711336411,9.44961755168527,9.668087938216688,9.886558324748105,10.10502871127952,10.32349909781094,10.541969484342356,10.759172375406214,10.976375266470072,11.19357815753393,11.410781048597787,11.627983939661643,11.831511406047804,12.03503887243396,12.23856633882012,12.442093805206277,12.645621271592429,12.856889631123323,13.068157990654218,13.27942635018511,13.490694709716,13.701963069246894,13.92215336242381,14.142343655600726,14.36253394877764,14.582724241954557,14.802914535131473,15.038710496903963,15.274506458676452,15.510302420448944,15.746098382221431,15.98189434399392,16.23298429873674,16.484074253479555,16.735164208222375,16.986254162965192,17.23734411770801,17.50968229555403,17.78202047340005,18.05435865124608,18.32669682909209,18.59903500693811,18.86073178223928,19.12242855754044,19.38412533284161,19.645822108142777,19.90751888344393,20.127543927254937,20.347568971065943,20.567594014876946,20.78761905868794,21.00764410249894,21.17058566799665,21.33352723349437,21.49646879899209,21.6594103644898,21.82235192998752,21.9793869797388,22.13642202949009,22.293457079241385,22.450492128992668,22.60752717874396
REMIND-MAgPIE 2.1-4.3,DeepElec_SSP2_ HighRE_Budg900,World,AR6 climate diagnostics|Infilled|Emissions|HFC|HFC134a,kt HFC134a/yr,NA,NA,NA,NA,NA,NA,NA,NA,NA,NA,NA,NA,NA,NA,NA,NA,NA,NA,NA,NA,201.9534,226.9254513434948,251.8975026869895,276.86955403048427,301.841605373979,326.81365671747375,315.70919843106503,304.6047401446564,293.5002818582476,282.3958235718389,271.2913652854302,233.03486978134995,194.77837427726965,156.52187877318937,118.2653832691091,80.00888776502882,67.89725827195528,55.78562877888175,43.67399928580821,31.56236979273467,19.45074029966113,19.935030698672847,20.41932109768456,20.903611496696275,21.387901895707984,21.8721922947197,22.34913323879433,22.82607418286897,23.303015126943603,23.77995607101824,24.256897015092868,24.728220961162503,25.199544907232145,25.67086885330178,26.14219279937142,26.613516745441057,27.05745952949456,27.501402313548056,27.94534509760156,28.38928788165505,28.833230665708555,29.3017504230618,29.770270180415046,30.238789937768296,30.70730969512154,31.175829452474787,31.6630786543368,32.15032785619881,32.63757705806082,33.124826259922834,33.61207546178484,34.13291653081887,34.6537575998529,35.17459866888692,35.69543973792096,36.21628080695498,36.77092230539201,37.32556380382905,37.88020530226608,38.43484680070311,38.98948829914014,39.59114028060805,40.19279226207597,40.79444424354388,41.39609622501178,41.99774820647969,42.5756730362184,43.153597865957096,43.731522695695794,44.30944752543449,44.88737235517319,45.37278231624085,45.85819227730852,46.34360223837618,46.82901219944383,47.3144221605115,47.67316254579541,48.03190293107933,48.39064331636324,48.74938370164716,49.108124086931056,49.45380792038911,49.79949175384717,50.14517558730522,50.49085942076326,50.83654325422131
REMIND-MAgPIE 2.1-4.3,DeepElec_SSP2_ HighRE_Budg900,World,AR6 climate diagnostics|Infilled|Emissions|HFC|HFC143a,kt HFC143a/yr,NA,NA,NA,NA,NA,NA,NA,NA,NA,NA,NA,NA,NA,NA,NA,NA,NA,NA,NA,NA,32.381,36.62376670555529,40.866533411110574,45.10930011666587,49.35206682222116,53.59483352777645,52.33303797527228,51.07124242276812,49.80944687026397,48.5476513177598,47.28585576525563,40.677399758244015,34.0689437512324,27.46048774422077,20.85203173720916,14.24357573019753,12.080954127437211,9.918332524676892,7.755710921916574,5.593089319156253,3.4304677163959347,3.521086414574707,3.611705112753479,3.7023238109322514,3.792942509111023,3.8835612072897945,3.97334665323902,4.063132099188246,4.152917545137472,4.242702991086696,4.332488437035921,4.421753564223496,4.51101869141107,4.600283818598644,4.689548945786218,4.778814072973792,4.862458928572704,4.946103784171619,5.029748639770532,5.113393495369445,5.197038350968358,5.283864592400598,5.370690833832837,5.457517075265078,5.544343316697317,5.631169558129556,5.72166232143206,5.812155084734563,5.902647848037067,5.993140611339571,6.083633374642074,6.180539611291229,6.277445847940382,6.374352084589536,6.471258321238689,6.568164557887842,6.671356356991332,6.774548156094823,6.8777399551983125,6.980931754301803,7.084123553405292,7.196047704782635,7.307971856159978,7.4198960075373215,7.531820158914663,7.643744310292005,7.75129539357402,7.858846476856034,7.966397560138049,8.073948643420062,8.181499726702075,8.271924727112872,8.362349727523666,8.452774727934461,8.543199728345256,8.63362472875605,8.70058950276388,8.767554276771708,8.834519050779535,8.901483824787364,8.968448598795192,9.032986246752932,9.097523894710672,9.162061542668413,9.226599190626152,9.291136838583894
REMIND-MAgPIE 2.1-4.3,DeepElec_SSP2_ HighRE_Budg900,World,AR6 climate diagnostics|Infilled|Emissions|HFC|HFC152a,kt HFC152a/yr,NA,NA,NA,NA,NA,NA,NA,NA,NA,NA,NA,NA,NA,NA,NA,NA,NA,NA,NA,NA,55.8814,56.56389622946331,57.24826231161008,57.93075854107339,58.61325477053669,59.295751,53.90586589657816,48.53070725518752,43.15554861379688,37.78038997240624,32.390504868984394,27.01534622759376,21.64018758620312,16.265028944812478,10.875143841390631,5.499985199999998,5.152182206982475,4.804379213964951,4.45562333603505,4.107820343017525,3.76001735,3.412214356982475,3.063458479052574,2.715655486035049,2.3678524930175247,2.0200495,2.006917043279496,1.993820467588284,1.9807238918970709,1.9676273162058584,1.9544948594853544,1.941398283794142,1.9283017081029288,1.9152051324117167,1.9020726756912127,1.8889761000000005,1.875866323439212,1.862756546878423,1.8496108531215776,1.8365010765607888,1.8233913,1.810281523439212,1.7971358296823658,1.7840260531215772,1.7709162765607884,1.7578064999999998,1.7518424633725704,1.745894721927183,1.7399469804817955,1.7339992390364083,1.728035202408979,1.7220874609635914,1.7161397195182042,1.7101919780728168,1.7042279414453874,1.6982802,1.6976842965224537,1.6970883930449068,1.696490856955093,1.6958949534775465,1.69529905,1.6947031465224534,1.6941056104326395,1.693509706955093,1.6929138034775464,1.6923179,1.6905258024911032,1.6887386014234875,1.686951400355872,1.6851641992882562,1.6833721017793593,1.6815849007117436,1.679797699644128,1.6780104985765123,1.6762184010676155,1.6744312,1.6631187386089814,1.6518062772179627,1.6404628227820373,1.6291503613910183,1.6178379,1.6065254386089816,1.595181984173056,1.5838695227820374,1.5725570613910187,1.5612446000000002
REMIND-MAgPIE 2.1-4.3,DeepElec_SSP2_ HighRE_Budg900,World,AR6 climate diagnostics|Infilled|Emissions|HFC|HFC227ea,kt HFC227ea/yr,NA,NA,NA,NA,NA,NA,NA,NA,NA,NA,NA,NA,NA,NA,NA,NA,NA,NA,NA,NA,3.6633,3.860917450757437,4.058534901514874,4.25615235227231,4.453769803029747,4.651387253787184,4.070116568816679,3.4888458838461727,2.907575198875667,2.326304513905161,1.7450338289346556,1.4865390588322045,1.2280442887297525,0.9695495186273008,0.711054748524849,0.4525599784223972,0.4115889051452766,0.370617831868156,0.3296467585910353,0.2886756853139147,0.247704612036794,0.2551469190996689,0.2625892261625437,0.2700315332254185,0.2774738402882933,0.2849161473511682,0.29142642446029,0.2979367015694117,0.3044469786785335,0.3109572557876552,0.3174675328967769,0.3239778164308778,0.3304880999649787,0.3369983834990795,0.3435086670331804,0.3500189505672813,0.3537859800556429,0.3575530095440046,0.3613200390323663,0.365087068520728,0.3688540980090896,0.3726211274974513,0.376388156985813,0.3801551864741747,0.3839222159625364,0.387689245450898,0.3881682340667955,0.3886472226826931,0.3891262112985906,0.389605199914488,0.3900841885303855,0.390563177146283,0.3910421657621805,0.391521154378078,0.3920001429939754,0.3924791316098729,0.3918806255330035,0.3912821194561339,0.3906836133792645,0.390085107302395,0.3894866012255254,0.3888880887236768,0.3882895762218283,0.3876910637199797,0.3870925512181311,0.3864940387162825,0.3851717587452888,0.3838494787742951,0.3825271988033015,0.3812049188323078,0.3798826388613142,0.3785603588903205,0.3772380789193268,0.3759157989483332,0.3745935189773394,0.3732712390063457,0.3716115255586942,0.3699518121110428,0.3682920986633912,0.3666323852157397,0.3649726717680881,0.3633129583204366,0.3616532448727851,0.3599935314251336,0.358333817977482,0.3566741045298305
REMIND-MAgPIE 2.1-4.3,DeepElec_SSP2_ HighRE_Budg900,World,AR6 climate diagnostics|Infilled|Emissions|HFC|HFC23,kt HFC23/yr,NA,NA,NA,NA,NA,NA,NA,NA,NA,NA,NA,NA,NA,NA,NA,NA,NA,NA,NA,NA,14.485699999999998,14.256134852458237,14.02656970491647,13.797004557374706,13.567439409832938,13.337874262291171,11.276569532287906,9.215264802284642,7.153960072281374,5.092655342278108,3.0313506122748417,2.597551977126273,2.1637533419777046,1.729954706829136,1.2961560716805671,0.8623574365319986,0.8264657616757125,0.7905740868194263,0.7546824119631402,0.7187907371068539,0.6828990622505678,0.6555830706770649,0.6282670791035619,0.6009510875300591,0.5736350959565562,0.5463191043830532,0.5244663162566298,0.5026135281302063,0.4807607400037829,0.4589079518773594,0.4370551637509359,0.4195729683210527,0.4020907728911694,0.3846085774612862,0.3671263820314029,0.3496441866015196,0.3338682334156291,0.3180922802297387,0.3023163270438481,0.2865403738579575,0.2707644206720671,0.2563534621367672,0.2419425036014672,0.2275315450661673,0.2131205865308674,0.1987096279955675,0.1878969653093965,0.1770843026232256,0.1662716399370546,0.1554589772508836,0.1446463145647127,0.1365690194850697,0.1284917244054268,0.1204144293257839,0.112337134246141,0.104259839166498,0.098256313842503,0.0922527885185079,0.0862492631945128,0.0802457378705178,0.0742422125465227,0.069806006663243,0.0653698007799633,0.0609335948966836,0.0564973890134039,0.0520611831301242,0.0488055227551807,0.0455498623802372,0.0422942020052937,0.0390385416303501,0.0357828812554066,0.028626305004325302,0.021469728753244,0.0143131525021626,0.0071565762510813,0,0,0,0,0,0,0,0,0,0,0
REMIND-MAgPIE 2.1-4.3,DeepElec_SSP2_ HighRE_Budg900,World,AR6 climate diagnostics|Infilled|Emissions|HFC|HFC236fa,kt HFC236fa/yr,NA,NA,NA,NA,NA,NA,NA,NA,NA,NA,NA,NA,NA,NA,NA,NA,NA,NA,NA,NA,0.2604,0.297939430449069,0.335581708652793,0.373121139101862,0.410660569550931,0.4482,0.4121109772789488,0.3761205584451136,0.3401301396112783,0.3041397207774432,0.268050698056392,0.2320602792225568,0.1960698603887216,0.1600794415548864,0.1239904188338352,0.088,0.0842420591456736,0.0804841182913472,0.0767158817086528,0.0729579408543264,0.0692,0.0654420591456736,0.0616738225629791,0.0579158817086527,0.0541579408543263,0.0504,0.0513718587462359,0.0523410621407062,0.0533102655351765,0.0542794689296468,0.0552513276758828,0.0562205310703531,0.0571897344648234,0.0581589378592937,0.0591307966055297,0.0601,0.0608395947426067,0.0615791894852135,0.0623208105147864,0.0630604052573932,0.0638,0.0645395947426067,0.0652812157721796,0.0660208105147864,0.0667604052573932,0.0675,0.0683015329865863,0.069100875992335,0.0699002189980837,0.0706995620038324,0.0715010949904188,0.0723004379961675,0.0730997810019162,0.0738991240076649,0.0747006569942513,0.0755,0.0762196056955093,0.0769392113910186,0.0776607886089813,0.0783803943044906,0.0791,0.0798196056955093,0.080541182913472,0.0812607886089813,0.0819803943044906,0.0827,0.0831508623049548,0.0836004927456884,0.0840501231864221,0.0844997536271557,0.0849506159321105,0.0854002463728442,0.0858498768135778,0.0862995072543115,0.0867503695592663,0.0872,0.0870001095290251,0.0868002190580503,0.0865997809419496,0.0863998904709748,0.0862,0.0860001095290251,0.0857996714129244,0.0855997809419496,0.0853998904709748,0.0852
REMIND-MAgPIE 2.1-4.3,DeepElec_SSP2_ HighRE_Budg900,World,AR6 climate diagnostics|Infilled|Emissions|HFC|HFC245ca,kt HFC245ca/yr,NA,NA,NA,NA,NA,NA,NA,NA,NA,NA,NA,NA,NA,NA,NA,NA,NA,NA,NA,NA,0,0,0,0,0,0,0,0,0,0,0,0,0,0,0,0,0,0,0,0,0,0,0,0,0,0,0,0,0,0,0,0,0,0,0,0,0,0,0,0,0,0,0,0,0,0,0,0,0,0,0,0,0,0,0,0,0,0,0,0,0,0,0,0,0,0,0,0,0,0,0,0,0,0,0,0,0,0,0,0,0,0,0,0,0,0
REMIND-MAgPIE 2.1-4.3,DeepElec_SSP2_ HighRE_Budg900,World,AR6 climate diagnostics|Infilled|Emissions|HFC|HFC32,kt HFC32/yr,NA,NA,NA,NA,NA,NA,NA,NA,NA,NA,NA,NA,NA,NA,NA,NA,NA,NA,NA,NA,38.5792,43.95690666666668,49.33461333333334,54.712320000000005,60.09002666666668,65.46773333333334,63.90419585937501,62.34065838541668,60.777120911458354,59.21358343750001,57.65004596354167,49.541396221788204,41.43274648003473,33.324096738281256,25.21544699652778,17.106797254774307,14.547818092990452,11.9888389312066,9.429859769422745,6.87088060763889,4.311901445855035,4.42881666015625,4.545731874457466,4.66264708875868,4.779562303059896,4.89647751736111,5.012067328016493,5.127657138671876,5.243246949327257,5.358836759982639,5.4744265706380215,5.587892925889758,5.701359281141494,5.81482563639323,5.928291991644966,6.041758346896702,6.145898043619792,6.250037740342883,6.354177437065974,6.458317133789064,6.562456830512153,6.668618005642362,6.774779180772571,6.880940355902779,6.987101531032987,7.093262706163195,7.202216356336806,7.311170006510418,7.420123656684029,7.529077306857641,7.63803095703125,7.752897935112847,7.867764913194446,7.982631891276042,8.097498869357638,8.212365847439235,8.332481965060763,8.452598082682291,8.57271420030382,8.692830317925345,8.812946435546873,8.941349001736112,9.06975156792535,9.198154134114588,9.326556700303822,9.45495926649306,9.578068245442712,9.701177224392364,9.824286203342014,9.947395182291666,10.070504161241317,10.175053029513888,10.279601897786458,10.38415076605903,10.4886996343316,10.59324850260417,10.663233412543407,10.733218322482644,10.80320323242188,10.873188142361114,10.943173052300349,11.008611215277782,11.07404937825521,11.139487541232644,11.204925704210073,11.2703638671875
REMIND-MAgPIE 2.1-4.3,DeepElec_SSP2_ HighRE_Budg900,World,AR6 climate diagnostics|Infilled|Emissions|HFC|HFC365mfc,kt HFC365mfc/yr,NA,NA,NA,NA,NA,NA,NA,NA,NA,NA,NA,NA,NA,NA,NA,NA,NA,NA,NA,NA,4.6492000000000004,4.8683091401971526,5.088018579408543,5.307127719605695,5.526236859802848,5.745346,5.241801238248015,4.739632281856008,4.2374633254640015,3.7352943690719953,3.2317496073200105,2.729580650928004,2.2274116945359976,1.725242738143991,1.2216979763920062,0.7195290199999995,0.6796386847179627,0.6397483494359255,0.5997487255640744,0.5598583902820372,0.519968055,0.4800777197179627,0.4400780958461117,0.4001877605640744,0.3602974252820372,0.32040709,0.3223262946099097,0.3242402554913769,0.3261542163728442,0.3280681772543115,0.3299873818642212,0.3319013427456885,0.3338153036271558,0.335729264508623,0.3376484691185327,0.33956243,0.3404935178148959,0.3414246056297919,0.3423582443702081,0.3432893321851041,0.34422042,0.3451515078148959,0.3460851465553122,0.3470162343702081,0.3479473221851041,0.34887841000000003,0.3509759015959485,0.353067662340542,0.3551594230851355,0.357251183829729,0.3593486754256775,0.361440436170271,0.3635321969148645,0.365623957659458,0.3677214492554065,0.36981321,0.3728994019359255,0.375985593871851,0.379080241128149,0.3821664330640745,0.385252625,0.3883388169359255,0.3914334641922234,0.394519656128149,0.3976058480640745,0.40069204,0.4033034164358062,0.4059076579633178,0.4085118994908294,0.4111161410183411,0.4137275174541472,0.4163317589816589,0.4189360005091705,0.4215402420366821,0.4241516184724883,0.42675586,0.4263583168318729,0.4259607736637459,0.4255621413362541,0.4251645981681271,0.424767055,0.4243695118318729,0.4239708795043811,0.4235733363362541,0.4231757931681271,0.42277825
REMIND-MAgPIE 2.1-4.3,DeepElec_SSP2_ HighRE_Budg900,World,AR6 climate diagnostics|Infilled|Emissions|HFC|HFC43-10,kt HFC43-10/yr,NA,NA,NA,NA,NA,NA,NA,NA,NA,NA,NA,NA,NA,NA,NA,NA,NA,NA,NA,NA,1.1516,1.1669446237209122,1.1822892474418247,1.1976338711627368,1.212978494883649,1.2283231186045611,1.054974374436188,0.8816256302678143,0.7082768860994407,0.534928141931067,0.3615793977626934,0.3048330465434253,0.2480866953241572,0.191340344104889,0.1345939928856209,0.0778476416663527,0.0696741342983681,0.0615006269303834,0.0533271195623987,0.0451536121944141,0.0369801048264294,0.0371344821982203,0.0372888595700111,0.037443236941802,0.0375976143135928,0.0377519916853837,0.0378792271434381,0.0380064626014926,0.038133698059547,0.0382609335176015,0.0383881689756559,0.038515409591987,0.0386426502083181,0.0387698908246492,0.0388971314409803,0.0390243720573114,0.0391371568378658,0.0392499416184201,0.0393627263989745,0.0394755111795289,0.0395882959600833,0.0397010858989144,0.0398138758377454,0.0399266657765765,0.0400394557154075,0.0401522456542386,0.0402417698897504,0.0403312941252622,0.040420818360774,0.0405103425962857,0.0405998668317975,0.0406893920051777,0.040778917178558,0.0408684423519382,0.0409579675253184,0.0410474926986986,0.0411021216617712,0.0411567506248437,0.0412113795879163,0.0412660085509888,0.0413206375140614,0.0413752711664763,0.0414299048188912,0.0414845384713062,0.0415391721237211,0.041593805776136,0.0416103713470526,0.0416269369179693,0.0416435024888859,0.0416600680598025,0.0416766336307191,0.0416931992016357,0.0417097647725523,0.0417263303434689,0.0417428959143855,0.0417594614853021,0.0417400738681369,0.0417206862509718,0.0417012986338067,0.0416819110166415,0.0416625233994763,0.0416431404716536,0.0416237575438308,0.0416043746160081,0.0415849916881853,0.0415656087603625
REMIND-MAgPIE 2.1-4.3,DeepElec_SSP2_ HighRE_Budg900,World,AR6 climate diagnostics|Infilled|Emissions|Halon1202,kt Halon1202/yr,NA,NA,NA,NA,NA,NA,NA,NA,NA,NA,NA,NA,NA,NA,NA,NA,NA,NA,NA,NA,0,0,0,0,0,0,0,0,0,0,0,0,0,0,0,0,0,0,0,0,0,0,0,0,0,0,0,0,0,0,0,0,0,0,0,0,0,0,0,0,0,0,0,0,0,0,0,0,0,0,0,0,0,0,0,0,0,0,0,0,0,0,0,0,0,0,0,0,0,0,0,0,0,0,0,0,0,0,0,0,0,0,0,0,0,0
REMIND-MAgPIE 2.1-4.3,DeepElec_SSP2_ HighRE_Budg900,World,AR6 climate diagnostics|Infilled|Emissions|Halon1211,kt Halon1211/yr,NA,NA,NA,NA,NA,NA,NA,NA,NA,NA,NA,NA,NA,NA,NA,NA,NA,NA,NA,NA,3.2933,3.0717014238773275,2.8494957283680176,2.627897152245345,2.4062985761226723,2.1847,2.062135587188612,1.939906049822064,1.817676512455516,1.6954469750889678,1.57288256227758,1.450653024911032,1.328423487544484,1.206193950177936,1.083629537366548,0.9614,0.9075994797371304,0.8537989594742608,0.7998510405257393,0.7460505202628697,0.69225,0.6384494797371304,0.584501560788609,0.5307010405257393,0.4769005202628697,0.4231,0.3993646044347111,0.3756940596769778,0.3520235149192444,0.3283529701615111,0.3046175745962223,0.2809470298384889,0.2572764850807555,0.2336059403230221,0.2098705447577333,0.1862,0.1757757119386637,0.1653514238773274,0.1548985761226725,0.1444742880613362,0.13405,0.1236257119386637,0.1131728641840087,0.1027485761226725,0.0923242880613362,0.0819,0.077311223651793,0.0727349849438817,0.0681587462359704,0.0635825075280591,0.0589937311798521,0.0544174924719408,0.0498412537640295,0.0452650150561182,0.0406762387079113,0.0361,0.0340811062431544,0.0320622124863088,0.0300377875136911,0.0280188937568455,0.026,0.0239811062431544,0.0219566812705366,0.0199377875136911,0.0179188937568455,0.0159,0.015008294552422599,0.0141190254585272,0.0132297563646318,0.0123404872707363,0.011448781823159,0.0105595127292636,0.0096702436353681,0.0087809745414727,0.0078892690938954,0.0069999999999999,0.0070999452354874,0.0071998904709748,0.0073001095290251,0.0074000547645125,0.0075,0.0075999452354874,0.0077001642935377,0.0078001095290251,0.0079000547645125,0.008
REMIND-MAgPIE 2.1-4.3,DeepElec_SSP2_ HighRE_Budg900,World,AR6 climate diagnostics|Infilled|Emissions|Halon1301,kt Halon1301/yr,NA,NA,NA,NA,NA,NA,NA,NA,NA,NA,NA,NA,NA,NA,NA,NA,NA,NA,NA,NA,1.3378,1.2916852683461115,1.2454441949616648,1.199329463307777,1.1532147316538883,1.1071,1.0721531617848343,1.037301806734191,1.0024504516835475,0.9675990966329044,0.9326522584177388,0.8978009033670955,0.8629495483164522,0.8280981932658089,0.7931513550506433,0.7583,0.7344130887185104,0.7105261774370207,0.6865738225629792,0.6626869112814896,0.6388,0.6149130887185104,0.5909607338444688,0.5670738225629792,0.5431869112814895,0.5193,0.5029086504243088,0.4865620859567479,0.4702155214891869,0.453868957021626,0.4374776074459348,0.4211310429783739,0.404784478510813,0.3884379140432521,0.3720465644675609,0.3557,0.344496139101862,0.333292278203724,0.322057721796276,0.310853860898138,0.29965,0.288446139101862,0.277211582694414,0.266007721796276,0.254803860898138,0.2436,0.2359052833287709,0.2282315904735833,0.2205578976183958,0.2128842047632083,0.2051894880919792,0.1975157952367917,0.1898421023816041,0.1821684095264166,0.1744736928551875,0.1668,0.1615528751369112,0.1563057502738225,0.1510442497261774,0.1457971248630887,0.14055,0.1353028751369112,0.1300413745892661,0.1247942497261774,0.1195471248630887,0.1143,0.1106931015603613,0.1070960580344922,0.103499014508623,0.0999019709827539,0.0962950725431152,0.0926980290172461,0.0891009854913769,0.0855039419655078,0.0818970435258691,0.0783,0.0758313526834611,0.0733627053669222,0.0708872946330777,0.0684186473165388,0.06595,0.0634813526834611,0.0610059419496166,0.0585372946330777,0.0560686473165388,0.0536
REMIND-MAgPIE 2.1-4.3,DeepElec_SSP2_ HighRE_Budg900,World,AR6 climate diagnostics|Infilled|Emissions|Halon2402,kt Halon2402/yr,NA,NA,NA,NA,NA,NA,NA,NA,NA,NA,NA,NA,NA,NA,NA,NA,NA,NA,NA,NA,0.3481,0.3342875684556408,0.3204372946330778,0.3066248630887185,0.2928124315443592,0.279,0.2690108951546674,0.2590490829455242,0.249087270736381,0.2391254585272379,0.2291363536819053,0.2191745414727621,0.2092127292636189,0.1992509170544757,0.1892618122091431,0.1793,0.1729035049288061,0.1665070098576122,0.1600929901423877,0.1536964950711938,0.1473,0.1409035049288061,0.1344894852135816,0.1280929901423877,0.1216964950711938,0.1153,0.1111721051190802,0.1070554886394744,0.1029388721598686,0.0988222556802627,0.094694360799343,0.0905777443197372,0.0864611278401314,0.0823445113605255,0.0782166164796058,0.0741,0.0714514512595837,0.0688029025191675,0.0661470974808324,0.0634985487404162,0.06085,0.0582014512595837,0.0555456462212486,0.0528970974808324,0.0502485487404162,0.0476,0.0458967424035039,0.0441981385162879,0.0424995346290719,0.040800930741856,0.0390976731453599,0.0373990692581439,0.035700465370928,0.034001861483712,0.0322986038872159,0.0306,0.0295105969331872,0.0284211938663745,0.0273288061336254,0.0262394030668127,0.02515,0.0240605969331872,0.0229682092004381,0.0218788061336254,0.0207894030668127,0.0197,0.0189886394744045,0.0182792225568026,0.0175698056392006,0.0168603887215986,0.0161490281960032,0.0154396112784013,0.0147301943607993,0.0140207774431973,0.0133094169176019,0.0126,0.0121502464403066,0.011700492880613301,0.0112495071193866,0.010799753559693301,0.01035,0.0099002464403066,0.0094492606790799,0.0089995071193866,0.0085497535596933,0.0081
REMIND-MAgPIE 2.1-4.3,DeepElec_SSP2_ HighRE_Budg900,World,AR6 climate diagnostics|Infilled|Emissions|Kyoto Gases (AR5-GWP100),Mt CO2-equiv/yr,NA,NA,NA,NA,NA,NA,NA,NA,NA,NA,NA,NA,NA,NA,NA,NA,NA,NA,NA,NA,54075.644932,54689.56040409115,55303.819174601886,55918.42123346509,56533.36658343565,57148.65524427283,54370.74928710791,51592.0134279882,48812.44766687329,46032.05201090365,43250.82644563691,40506.53773834801,37761.4718244446,35015.62871382124,32269.00839931789,29521.61088804596,28013.6072921663,26505.16338594191,24996.279153786592,23486.954606757456,21977.18973641169,20929.30439580642,19881.122211467868,18832.643180973304,17783.86729832489,16734.79456648053,15928.247158549546,15121.477353245104,14314.485148776204,13507.27054792803,12699.833553340875,12212.554233529445,11725.138054320618,11237.58501869114,10749.895125502955,10262.068373093887,9992.040335009997,9721.94802578416,9451.79144369066,9181.570589226238,8911.285462357368,8727.524830655122,8543.716269176868,8359.859788721942,8175.955378234637,7992.003043454222,7902.534650799703,7813.032126917698,7723.49547185319,7633.924687964719,7544.319770103729,7454.883862584445,7365.414272960901,7275.911003009197,7186.374048297424,7096.803414096259,7041.726385225505,6986.611203092251,6931.4578651908105,6876.266375852856,6821.036728938972,6765.988868409165,6710.903107275517,6655.779444706328,6600.6178771391005,6545.418410750863,6475.749712561295,6406.079462183218,6336.407657591071,6266.734300851114,6197.05938983897,6126.954656079341,6056.84804697312,5986.7395635504,5916.62920683292,5846.51697476355,5809.9637613747,5773.40946988325,5736.854102359769,5700.29765671149,5663.74013506627,5627.131110791751,5590.5210094549,5553.909832081061,5517.29757662119,5480.68424509299
REMIND-MAgPIE 2.1-4.3,DeepElec_SSP2_ HighRE_Budg900,World,AR6 climate diagnostics|Infilled|Emissions|Kyoto Gases (AR6-GWP100),Mt CO2-equiv/yr,NA,NA,NA,NA,NA,NA,NA,NA,NA,NA,NA,NA,NA,NA,NA,NA,NA,NA,NA,NA,54308.53154123,54940.17752735049,55572.17765622259,56204.53191777468,56837.240314735296,57470.30286694648,54679.742909310735,51888.33437504882,49096.07726423704,46302.971583894185,43509.0173196655,40738.26533980168,37966.72464339614,35194.39524043622,32421.277123765456,29647.37030048345,28131.17499101091,26614.535980847417,25097.45325443096,23579.9268228694,22061.956677743547,21014.89690239891,19967.54001734192,18919.88602008507,17871.934904628142,16823.686673926157,16017.954312245858,15211.999562661498,14405.82242339507,13599.42289721947,12792.800986852471,12306.084424014864,11819.2304399221,11332.239037451503,10845.110215560511,10357.843972503406,10088.358001596194,9818.80773280752,9549.193164425207,9279.514296844103,9009.77113012379,8826.410912678006,8643.00240803069,8459.545627112126,8276.04055882411,8092.487208875946,8003.354290810967,7914.186622214466,7824.984203021127,7735.747035769987,7646.475115161917,7557.405998994415,7468.302633398183,7379.165020135611,7289.993154705688,7200.787042537457,7145.923697643245,7091.021083592913,7036.07919782027,6981.098044712177,6926.077618083225,6871.276647390492,6816.436689468029,6761.557743403454,6706.63980565425,6651.682882449666,6582.016741163216,6512.348878187314,6442.679291489812,6373.007983148473,6303.33495102119,6233.15550685958,6162.97398064302,6092.790373405111,6022.6046861717305,5952.4169168791295,5915.78579974078,5879.15349014745,5842.51999018276,5805.885297738289,5769.24941496166,5732.55266680331,5695.85472723657,5659.15559729147,5622.455274911549,5585.75376211746
REMIND-MAgPIE 2.1-4.3,DeepElec_SSP2_ HighRE_Budg900,World,AR6 climate diagnostics|Infilled|Emissions|N2O,kt N2O/yr,NA,NA,NA,NA,NA,NA,NA,NA,NA,NA,NA,NA,NA,NA,NA,NA,NA,NA,NA,NA,10900,11068.126666909777,11236.709736199777,11405.74920787,11575.245081920448,11745.197358351115,11544.242156754828,11342.634460603413,11140.37426989687,10937.4615846352,10733.896404818404,10724.893168584083,10715.81603119695,10706.664992657,10697.440052964232,10688.141212118651,10669.50187651257,10650.76137663562,10631.9197124878,10612.97688406911,10593.932891379553,10649.16867350714,10704.520528678036,10759.988456892246,10815.572458149769,10871.2725324506,10930.137199623296,10989.126778822456,11048.241270048076,11107.480673300164,11166.844988578714,11194.719178894176,11222.627275176665,11250.56927742618,11278.54518564272,11306.554999826283,11348.735190221058,11390.989688634982,11433.318495068055,11475.721609520278,11518.199031991651,11535.54144796826,11552.886634840175,11570.234592607403,11587.585321269942,11604.938820827792,11607.590929511996,11610.20437664614,11612.779162230216,11615.315286264236,11617.81274874819,11620.27154968208,11622.69168906591,11625.073166899676,11627.415983183382,11629.720137917022,11605.44941076169,11581.066288798276,11556.57077202678,11531.962860447202,11507.24255405954,11482.4098528638,11457.464756859974,11432.407266048063,11407.23738042807,11381.9551,11325.35674,11268.75838,11212.16002,11155.56166,11098.9633,11042.36494,10985.76658,10929.16822,10872.56986,10815.9715,10773.51404,10731.05658,10688.59912,10646.14166,10603.6842,10561.226740000002,10518.76928,10476.31182,10433.85436,10391.3969
REMIND-MAgPIE 2.1-4.3,DeepElec_SSP2_ HighRE_Budg900,World,AR6 climate diagnostics|Infilled|Emissions|NF3,kt NF3/yr,NA,NA,NA,NA,NA,NA,NA,NA,NA,NA,NA,NA,NA,NA,NA,NA,NA,NA,NA,NA,1.3581,1.3099506032311063,1.2616692903066813,1.2135198935377876,1.1653704967688938,1.1172211,1.0577261438324663,0.9983937421899808,0.9390613405474952,0.8797289389050096,0.820233982737476,0.7609015810949904,0.7015691794525047,0.6422367778100192,0.5827418216424857,0.52340942,0.5168703850328588,0.5103313500657174,0.5037743999342826,0.4972353649671413,0.49069633,0.4841572950328587,0.4776003449014239,0.4710613099342826,0.4645222749671413,0.45798324,0.4497569827210512,0.4415532015548864,0.4333494203887216,0.4251456392225569,0.416919381943608,0.4087156007774433,0.4005118196112784,0.3923080384451137,0.3840817811661648,0.3758780000000001,0.37102437851862,0.3661707570372399,0.3613038379627602,0.3564502164813801,0.351596595,0.3467429735186199,0.3418760544441402,0.3370224329627601,0.33216881148138,0.32731519,0.3227081156556255,0.3181136289460717,0.3135191422365179,0.3089246555269641,0.3043175811825896,0.2997230944730358,0.295128607763482,0.2905341210539283,0.2859270467095538,0.28133256,0.2764973584255202,0.2716621568510405,0.2668137081489595,0.2619785065744797,0.257143305,0.2523081034255203,0.2474596547234392,0.2426244531489594,0.2377892515744797,0.23295405,0.228956329085683,0.2249695309061045,0.2209827327265261,0.2169959345469477,0.2129982136326307,0.2090114154530523,0.2050246172734738,0.2010378190938954,0.1970400981795784,0.1930533,0.1889364707968236,0.1848196415936473,0.1806915334063527,0.1765747042031763,0.172457875,0.1683410457968236,0.16421293760952901,0.1600961084063527,0.1559792792031763,0.15186245
REMIND-MAgPIE 2.1-4.3,DeepElec_SSP2_ HighRE_Budg900,World,AR6 climate diagnostics|Infilled|Emissions|NH3,Mt NH3/yr,NA,NA,NA,NA,NA,NA,NA,NA,NA,NA,NA,NA,NA,NA,NA,NA,NA,NA,NA,NA,65.27970313,65.70943785666717,66.13917258333436,66.56890731000153,66.9986420366687,67.42837676333588,66.97965375804853,66.53093075276118,66.08220774747382,65.63348474218647,65.1847617368991,64.70405847288303,64.22335520886696,63.74265194485089,63.26194868083482,62.781245416818734,60.7365076243512,58.69176983188365,56.64703203941611,54.60229424694857,52.557556454481016,51.080468254448256,49.603380054415496,48.12629185438274,46.64920365434997,45.17211545431721,44.03381812019183,42.89552078606645,41.75722345194106,40.61892611781568,39.48062878369029,38.90798227582916,38.335335767968,37.76268926010687,37.19004275224572,36.617396244384565,36.3835406024308,36.14968496047704,35.91582931852327,35.681973676569505,35.44811803461574,35.25423771607287,35.060357397530005,34.86647707898714,34.67259676044427,34.478716441901405,34.10944439189321,33.74017234188502,33.37090029187684,33.001628241868644,32.63235619186045,32.26308414185227,31.89381209184408,31.524540041835884,31.15526799182769,30.7859959418195,30.69305331488916,30.60011068795881,30.50716806102848,30.41422543409813,30.321282807167787,30.22834018023745,30.135397553307104,30.042454926376763,29.949512299446425,29.85656967251608,29.76362704558573,29.670684418655387,29.57774179172505,29.484799164794705,29.391856537864363,29.29891391093402,29.20597128400368,29.113028657073333,29.020086030142984,28.927143403212643,28.8287041693133,28.730264935413963,28.631825701514625,28.533386467615284,28.43494723371594,28.3365079998166,28.23806876591726,28.13962953201791,28.04119029811857,27.94275106421923
REMIND-MAgPIE 2.1-4.3,DeepElec_SSP2_ HighRE_Budg900,World,AR6 climate diagnostics|Infilled|Emissions|NOx,Mt NO2/yr,NA,NA,NA,NA,NA,NA,NA,NA,NA,NA,NA,NA,NA,NA,NA,NA,NA,NA,NA,NA,155.52045,155.1715821936575,154.82157523222477,154.47042911570176,154.11814384408845,153.76471941738495,149.29928436090756,144.86070714848177,140.4489877801075,136.0641262557848,131.70612257551366,127.1199246695411,122.56235172131468,118.03340373083434,113.53308069810012,109.061382623112,104.55825591609252,100.08417757864682,95.63914761077486,91.22316601247668,86.83623278375225,83.15607861627055,79.500108696014,75.86832302298262,72.26072159717644,68.67730441859541,66.13704538038226,63.61352372307928,61.10673944668646,58.61669255120382,56.14338303663133,54.73584823832539,53.33724156590865,51.94756301938112,50.56681259874278,49.194990303993656,48.86345300470222,48.53302059891598,48.2036930866349,47.87547046785898,47.54835274258823,47.28541199410244,47.02308846551516,46.7613821568264,46.50029306803618,46.23982119914447,45.80061259968391,45.36343532017107,44.92828936060595,44.49517472098855,44.06409140131887,43.63503940159691,43.20801872182266,42.78302936199615,42.36007132211734,41.93914460218626,41.694733959768,41.450922468949656,41.20771012973124,40.96509694211273,40.72308290609414,40.48166802167548,40.24085228885673,40.0006357076379,39.761018278018994,39.522,39.45025,39.3785,39.30675,39.235,39.16325,39.0915,39.01975,38.948,38.87625,38.8045,38.72958,38.65466,38.57974,38.50482,38.4299,38.354980000000005,38.280060000000006,38.20514,38.13022000000001,38.0553
REMIND-MAgPIE 2.1-4.3,DeepElec_SSP2_ HighRE_Budg900,World,AR6 climate diagnostics|Infilled|Emissions|OC,Mt OC/yr,NA,NA,NA,NA,NA,NA,NA,NA,NA,NA,NA,NA,NA,NA,NA,NA,NA,NA,NA,NA,34.74602423,34.17190509055516,33.59865727887095,33.026280794947404,32.45477563878449,31.88414181038223,31.50685438772479,31.130130152084067,30.753969103460044,30.37837124185273,30.00333656726212,29.57597412338439,29.149259881947632,28.723193842951822,28.297776006396983,27.8730063722831,27.407578512249607,26.94286551731859,26.478867387490062,26.01558412276402,25.55301572314045,25.147418127112896,24.742444239372137,24.338094059918195,23.93436758875105,23.53126482587072,23.27042502384915,23.00997848511308,22.74992520966248,22.490265197497376,22.23099844861776,22.06536564407924,21.899973782036668,21.734822862490056,21.569912885439408,21.40524385088471,21.40215598942938,21.39904441934671,21.395909140636693,21.392750153299325,21.389567457334618,21.41807621678592,21.44650903007704,21.474865897207977,21.50314681817873,21.53135179298931,21.55890871561742,21.5863906382881,21.613797561001352,21.641129483757165,21.668386406555545,21.69556832939649,21.72267525228001,21.74970717520609,21.77666409817473,21.80354602118595,21.81506593457562,21.8265363419234,21.837957243229287,21.849328638493297,21.86065052771541,21.871922910895645,21.88314578803399,21.89431915913045,21.905443024185026,21.91651738319771,21.874282143302004,21.83208696527358,21.78993184911244,21.7478167948186,21.70574180239204,21.66370687183277,21.621712003140782,21.57975719631609,21.53784245135869,21.495967768268567,21.454133147045745,21.412338587690204,21.370584090201955,21.328869654581,21.287195280827326,21.245560968940943,21.20396671892185,21.162412530770045,21.120898404485533,21.0794243400683
REMIND-MAgPIE 2.1-4.3,DeepElec_SSP2_ HighRE_Budg900,World,AR6 climate diagnostics|Infilled|Emissions|PFC,kt CF4/yr,NA,NA,NA,NA,NA,NA,NA,NA,NA,NA,NA,NA,NA,NA,NA,NA,NA,NA,NA,NA,14.07864756,14.625082183827825,15.177135942893155,15.734808837195995,16.298100866736338,16.867012031514182,15.16866752180568,13.448994780043584,11.707993806227885,9.945664600358588,8.162007162435698,7.494953661739185,6.81967495851682,6.136171052768598,5.444441944494523,4.744487633694594,4.630956947688831,4.515856709118221,4.399186917982767,4.280947574282464,4.1611386780173145,4.039760229187321,3.9168122277924806,3.792294673832793,3.666207567308259,3.5385509082188777,3.441803027608489,3.3438298452397897,3.244631361112777,3.1442075752274543,3.0425584875838205,2.939684098181876,2.8355844070216194,2.7302594141030507,2.6237091194261715,2.515933522990981,2.463357935538472,2.410125019848034,2.3562347759196696,2.301687203753377,2.246482303349158,2.1906063900028383,2.1340730140505952,2.076882175492428,2.0190338743283367,1.9605281105583223,1.931116648659238,1.90133285304239,1.87117672370778,1.8406482606554064,1.8097474638852693,1.7784743333973705,1.7468288691917078,1.714811071268282,1.6824209396270935,1.6496584742681424,1.6266614754521171,1.6033848568357802,1.5798286184191308,1.5559927602021697,1.5318772821848965,1.507482184367311,1.4828074667494138,1.457853129331204,1.4326191721126824,1.4071055950938487,1.3836938654144586,1.3600233429741837,1.336094027773024,1.31190591981098,1.2874590190880508,1.2627533256042371,1.2377888393595389,1.2125655603539556,1.187083488587488,1.1613426240601354,1.1455900628575386,1.1296645700436962,1.1135661456186088,1.0972947895822756,1.0808505019346972,1.0642332826758736,1.0474431318058042,1.0304800493244897,1.0133440352319298,0.9960350895281244
REMIND-MAgPIE 2.1-4.3,DeepElec_SSP2_ HighRE_Budg900,World,AR6 climate diagnostics|Infilled|Emissions|PFC|C2F6,kt C2F6/yr,NA,NA,NA,NA,NA,NA,NA,NA,NA,NA,NA,NA,NA,NA,NA,NA,NA,NA,NA,NA,1.5700000000000005,1.712092026536997,1.8578477811321203,2.0072672637853715,2.160350474496749,2.317097413266254,2.1376999433561488,1.9521099354053768,1.760327389413941,1.5623523053818384,1.3581846833090712,1.216609899075121,1.070702829776182,0.920463475412253,0.7658918359833352,0.606987911489428,0.5766047823670427,0.5452547517819103,0.5129378197340301,0.4796539862234024,0.4454032512500274,0.4300582004022333,0.4142196714086162,0.3978876642691759,0.3810621789839123,0.3637432155528255,0.35079881970614,0.3374703981551423,0.3237579508998322,0.30966147794021,0.2951809792762756,0.2842393531079097,0.2729972091645779,0.2614545474462804,0.2496113679530169,0.2374676706847877,0.2288585958456892,0.2200265178372021,0.210971436659326,0.2016933523120613,0.1921922647954077,0.1860640959139836,0.1797821076631943,0.17334630004304,0.1667566730535206,0.1600132266946361,0.1551059475513478,0.1500813784018698,0.1449395192462022,0.139680370084345,0.1343039309162981,0.1303806349890381,0.1263676119494473,0.1222648617975256,0.1180723845332732,0.11379018015669,0.1106507385065524,0.1074422920937052,0.1041648409181484,0.1008183849798819,0.0974029242789057,0.0948800108692963,0.0923036075177809,0.0896737142243595,0.0869903309890322,0.0842534578117989,0.0822085673088076,0.0801217488172352,0.0779930023370817,0.075822327868347,0.0736097254110313,0.0700342004268727,0.0663970241574148,0.0626981966026576,0.058937717762601,0.0551155876372451,0.0546339212884011,0.054139571609231,0.0536325385997349,0.0531128222599128,0.0525804225897647,0.0520353395892906,0.0514775732584904,0.0509071235973642,0.050323990605912,0.0497281742841338
REMIND-MAgPIE 2.1-4.3,DeepElec_SSP2_ HighRE_Budg900,World,AR6 climate diagnostics|Infilled|Emissions|PFC|C3F8,kt C3F8/yr,NA,NA,NA,NA,NA,NA,NA,NA,NA,NA,NA,NA,NA,NA,NA,NA,NA,NA,NA,NA,0.4478,0.4695880613362541,0.4914358159912376,0.5132238773274918,0.5350119386637459,0.5568,0.5141684642759375,0.4716534081576786,0.4291383520394196,0.3866232959211606,0.3439917601970982,0.3014767040788392,0.2589616479605803,0.2164465918423213,0.1738150561182589,0.1312999999999999,0.1262327765607886,0.1211655531215772,0.1160844468784227,0.1110172234392113,0.10595,0.1008827765607886,0.0958016703176341,0.0907344468784227,0.0856672234392114,0.0806,0.0772636189433342,0.0739363536819052,0.0706090884204763,0.0672818231590473,0.0639454421023816,0.0606181768409526,0.0572909115795236,0.0539636463180947,0.0506272652614289,0.0473,0.0454610076670317,0.0436220153340635,0.0417779846659364,0.0399389923329682,0.0381,0.0362610076670317,0.0344169769989047,0.0325779846659364,0.0307389923329682,0.0289,0.0278880646044347,0.0268788940596769,0.0258697235149192,0.0248605529701615,0.0238486175745962,0.0228394470298384,0.0218302764850807,0.020821105940323,0.0198091705447577,0.0188,0.0182003285870755,0.0176006571741511,0.0169993428258488,0.0163996714129244,0.0158,0.0152003285870755,0.0145990142387732,0.0139993428258488,0.0133996714129244,0.0128,0.0122990418833835,0.0117994525047905,0.0112998631261976,0.0108002737476047,0.0102993156309882,0.0097997262523952,0.0093001368738023,0.0088005474952094,0.0082995893785929,0.0078,0.0072902792990142,0.0067805585980284,0.0062694414019715,0.0057597207009857,0.0052499999999999,0.0047402792990142,0.0042291621029572,0.0037194414019715,0.0032097207009857,0.0027
REMIND-MAgPIE 2.1-4.3,DeepElec_SSP2_ HighRE_Budg900,World,AR6 climate diagnostics|Infilled|Emissions|PFC|C4F10,kt C4F10/yr,NA,NA,NA,NA,NA,NA,NA,NA,NA,NA,NA,NA,NA,NA,NA,NA,NA,NA,NA,NA,0.0994,0.1042346808598028,0.1090826074205914,0.1139172882803943,0.1187519691401971,0.12358665,0.1141286227768957,0.1046964371582261,0.0952642515395565,0.0858320659208869,0.0763740386977826,0.066941853079113,0.0575096674604434,0.0480774818417738,0.0386194546186696,0.029187269,0.0280550967683461,0.0269229245366922,0.0257876504633077,0.0246554782316538,0.023523306,0.0223911337683461,0.0212558596949616,0.0201236874633077,0.0189915152316538,0.017859343,0.0171231505817136,0.016388969618122,0.0156547886545305,0.0149206076909389,0.0141844152726526,0.013450234309061,0.0127160533454694,0.0119818723818779,0.0112456799635915,0.0105114989999999,0.0101035089961664,0.0096955189923329,0.009286411207667,0.0088784212038335,0.0084704312,0.0080624411961664,0.0076533334115005,0.007245343407667,0.0068373534038335,0.0064293634,0.0062044157222009,0.0059800826555433,0.0057557495888858,0.0055314165222283,0.0053064688444292,0.0050821357777716,0.0048578027111141,0.0046334696444566,0.0044085219666575,0.0041841889,0.0040515921557502,0.0039189954115005,0.0037860353884994,0.0036534386442497,0.0035208419,0.0033882451557502,0.0032552851327491,0.0031226883884994,0.0029900916442497,0.0028574949,0.0027450210560908,0.0026328545177662,0.0025206879794415,0.0024085214411168,0.0022960475972077,0.0021838810588831,0.0020717145205584,0.0019595479822337,0.0018470741383246,0.0017349076,0.0016227103509446,0.0015105131018893,0.0013980084631106,0.0012858112140553,0.001173613965,0.0010614167159446,9.489120771659e-4,8.367148281106e-4,7.245175790553e-4,6.1232033e-4
REMIND-MAgPIE 2.1-4.3,DeepElec_SSP2_ HighRE_Budg900,World,AR6 climate diagnostics|Infilled|Emissions|PFC|C5F12,kt C5F12/yr,NA,NA,NA,NA,NA,NA,NA,NA,NA,NA,NA,NA,NA,NA,NA,NA,NA,NA,NA,NA,0.0435,0.045611462634173,0.0477287100974808,0.0498401727316538,0.0519516353658269,0.054063098,0.0499214290752805,0.0457910761858746,0.0416607232964686,0.0375303704070626,0.0333887014823432,0.0292583485929373,0.0251279957035313,0.0209976428141253,0.0168559738894059,0.012725621,0.0122351632039978,0.0117447054079956,0.0112529038920043,0.0107624460960021,0.0102719883,0.0097815305039978,0.0092897289880065,0.0087992711920043,0.0083088133960021009,0.0078183556,0.0074933554349849,0.0071692432485628,0.0068451310621407,0.0065210188757185,0.0061960187107035,0.0058719065242814,0.0055477943378592,0.0052236821514371,0.0048986819864221,0.0045745698,0.0044000000646495,0.004225430329299,0.0040503823207009,0.0038758125853504,0.00370124285,0.0035266731146495,0.0033516251060514,0.0031770553707009,0.0030024856353504,0.0028279159,0.0027279158430604,0.0026281890103202,0.00252846217758,0.0024287353448398,0.0023287352879003,0.0022290084551601,0.0021292816224199,0.0020295547896797,0.0019295547327402,0.0018298279,0.0017716379848849,0.0017134480697699,0.00165509873023,0.001596908815115,0.0015387189,0.0014805289848849,0.001422179645345,0.00136398973023,0.001305799815115,0.0012476099,0.0011976098785436,0.0011477464691678,0.0010978830597919,0.001048019650416,9.980196289597e-4,9.481562195839e-4,8.98292810208e-4,8.484294008321e-4,7.984293793758e-4,7.4856597e-4,6.986889019003e-4,6.488118338006e-4,5.987981161993e-4,5.489210480996e-4,4.9904398e-4,4.491669119003e-4,3.99153194299e-4,3.492761261993e-4,2.993990580996e-4,2.4952199e-4
REMIND-MAgPIE 2.1-4.3,DeepElec_SSP2_ HighRE_Budg900,World,AR6 climate diagnostics|Infilled|Emissions|PFC|C6F14,kt C6F14/yr,NA,NA,NA,NA,NA,NA,NA,NA,NA,NA,NA,NA,NA,NA,NA,NA,NA,NA,NA,NA,0.35,0.3572663114689014,0.3645326229378029,0.3717989344067045,0.3790652458756058,0.3863315573445071,0.3720989640542099,0.3570725771456111,0.3412523966187106,0.3246384224735086,0.3072306547100051,0.2816842441332225,0.2550957668091285,0.227465222737723,0.1987926119190062,0.1690779343529779,0.1644468054523364,0.1595879042258443,0.1545012306735014,0.1491867847953078,0.1436445665912635,0.1432388347526629,0.1427604398319144,0.142209381829018,0.1415856607439735,0.14088927657678121,0.1401202293274409,0.1392785189959526,0.1383641455823164,0.1373771090865322,0.1363174095086001,0.1351850442723259,0.1339800158888215,0.1327023243580872,0.1313519696801227,0.1299289518549281,0.1289225424057035,0.1278550959492516,0.1267266124855725,0.125537092014666,0.1242865345365323,0.1237524497133891,0.1231747671906459,0.1225534869683028,0.1218886090463598,0.121180133424817,0.1204280386535037,0.1196323457270157,0.1187930546453529,0.1179101654085154,0.1169836780165031,0.1160136166719315,0.114999957660301,0.1139427009816117,0.1128418466358636,0.1116973946230566,0.110509331384308,0.1092776702181722,0.108002411124649,0.1066835541037385,0.1053210991554406,0.1039150587132465,0.1024654205714524,0.1009721847300584,0.0994353511890646,0.0978549199484708,0.0962308798628833,0.0945632418824495,0.0928520060071695,0.0910971722370432,0.0892987405720706,0.0874567100427927,0.0855710816023979,0.0836418552508864,0.0816690309882581,0.079652608814513,0.077592590749922,0.0754889748067553,0.0733417609850129,0.0711509492846948,0.0689165397058009,0.0666385364515785,0.0643169353838626,0.061951736502653,0.0595429398079498,0.057090545299753
REMIND-MAgPIE 2.1-4.3,DeepElec_SSP2_ HighRE_Budg900,World,AR6 climate diagnostics|Infilled|Emissions|PFC|C7F16,kt C7F16/yr,NA,NA,NA,NA,NA,NA,NA,NA,NA,NA,NA,NA,NA,NA,NA,NA,NA,NA,NA,NA,0.2338,0.2451737677984666,0.2565786966046002,0.2679524644030668,0.2793262322015334,0.2907,0.268447440459896,0.2462556802627977,0.2240639200656994,0.2018721598686011,0.1796196003284971,0.1574278401313988,0.1352360799343005,0.1130443197372022,0.0907917601970982,0.0685999999999999,0.0659514512595837,0.0633029025191675,0.0606470974808324,0.0579985487404162,0.0553499999999999,0.0527014512595837,0.0500456462212486,0.0473970974808324,0.0447485487404162,0.0421,0.0403566657541746,0.0386180947166712,0.0368795236791678,0.0351409526416643,0.033397618395839,0.0316590473583356,0.0299204763208321,0.0281819052833287,0.0264385710375034,0.0247,0.0237405257393209,0.0227810514786418,0.0218189485213581,0.020859474260679,0.0199,0.0189405257393209,0.0179784227820372,0.0170189485213581,0.016059474260679,0.0151,0.0145689843963865,0.014039419655078,0.0135098549137695,0.0129802901724609,0.0124492745688475,0.011919709827539,0.0113901450862304,0.0108605803449219,0.0103295647413085,0.0098,0.009490169769989,0.009180339539978,0.0088696604600219,0.0085598302300109,0.00825,0.007940169769989,0.0076294906900328,0.0073196604600219,0.0070098302300109,0.0067,0.0064395017793594,0.0061797153024911,0.0059199288256227,0.0056601423487544,0.0053996441281138,0.0051398576512455,0.0048800711743772,0.0046202846975088,0.0043597864768683,0.0041,0.003830147864184,0.003560295728368,0.0032897042716319,0.0030198521358159,0.00275,0.002480147864184,0.0022095564074479,0.0019397042716319,0.0016698521358159,0.0014
REMIND-MAgPIE 2.1-4.3,DeepElec_SSP2_ HighRE_Budg900,World,AR6 climate diagnostics|Infilled|Emissions|PFC|C8F18,kt C8F18/yr,NA,NA,NA,NA,NA,NA,NA,NA,NA,NA,NA,NA,NA,NA,NA,NA,NA,NA,NA,NA,0.1014,0.1063372946330777,0.1112881161007666,0.1162254107338444,0.1211627053669222,0.1261,0.1164415275116342,0.1068094442923624,0.0971773610730906,0.0875452778538187,0.077886805365453,0.0682547221461812,0.0586226389269093,0.0489905557076375,0.0393320832192718,0.0297,0.0285606243154435,0.0274212486308871,0.0262787513691128,0.0251393756845564,0.024,0.0228606243154435,0.0217181270536692,0.0205787513691128,0.0194393756845564,0.0182999999999999,0.0175385436627429,0.0167791678072816,0.0160197919518204,0.0152604160963591,0.0144989597591021,0.0137395839036408,0.0129802080481795,0.0122208321927183,0.0114593758554612,0.0107,0.0102802300109529,0.0098604600219058,0.0094395399780941,0.009019769989047,0.0086,0.0081802300109529,0.0077593099671412,0.0073395399780941,0.006919769989047,0.0065,0.0062795784286887,0.0060597591021078,0.0058399397755269,0.005620120448946,0.0053996988776348,0.0051798795510539,0.004960060224473,0.0047402408978921,0.0045198193265808,0.0043,0.0041600766703176,0.0040201533406352,0.0038798466593647,0.0037399233296823,0.0036,0.0034600766703176,0.003319769989047,0.0031798466593647,0.0030399233296823,0.0029,0.0027897892143443,0.0026798795510539,0.0025699698877634,0.002460060224473,0.0023498494388174,0.0022399397755269,0.0021300301122365,0.002020120448946,0.0019099096632904,0.0018,0.0016800657174151,0.0015601314348302,0.0014398685651697,0.0013199342825848,0.0012,0.0010800657174151,9.598028477546e-4,8.398685651697e-4,7.199342825848e-4,5.999999999999e-4
REMIND-MAgPIE 2.1-4.3,DeepElec_SSP2_ HighRE_Budg900,World,AR6 climate diagnostics|Infilled|Emissions|PFC|CF4,kt CF4/yr,NA,NA,NA,NA,NA,NA,NA,NA,NA,NA,NA,NA,NA,NA,NA,NA,NA,NA,NA,NA,10.8699,11.367846928760068,11.8690280883823,12.3734434788667,12.881093100213258,13.391976952421984,12.491297682392643,11.584067979475421,10.670287843670318,9.749957274977335,8.82307627339648,7.952566031026008,7.075933119430832,6.19317753861095,5.304299288566366,4.409298369297075,4.187705209102359,3.9645318971705295,3.7397784335015887,3.513444818095536,3.285531050952371,3.192491269588784,3.09876851005673,3.004362772356211,2.909274056487227,2.813502362449778,2.730270253137564,2.6464406969072187,2.5620136937587445,2.476989243692141,2.391367346707408,2.3153997196304794,2.238899904391061,2.1618679009891504,2.084303709424749,2.0062073296978573,1.951166047873904,1.8957403740545191,1.8399303082397007,1.7837358504294518,1.727157000623769,1.700164246708907,1.6729719972615236,1.6455802522816183,1.6179890117691922,1.5901982757242443,1.566906549840144,1.543443874568116,1.5198102499081614,1.496005675860279,1.4720301524244697,1.4514826411467112,1.4307857191086948,1.40993938631042,1.388943642751887,1.367798488433096,1.3492504233920073,1.3305691422113048,1.3117546448909887,1.2928069314310582,1.273726001831514,1.25659828427941,1.2393494744038298,1.221979572204774,1.2044885776822416,1.1868764908362337,1.1707208014696322,1.1544530550020495,1.1380732514334857,1.1215813907639391,1.104977472993412,1.085531921467369,1.0659588996326388,1.0462584074892198,1.0264304450371124,1.006475012276317,0.9932644441075492,0.9799646717169672,0.966575695104571,0.9530975142703604,0.939530129214336,0.9258736852787882,0.9121280379196012,0.8982931871367743,0.8843691329303079,0.8703558753002021
REMIND-MAgPIE 2.1-4.3,DeepElec_SSP2_ HighRE_Budg900,World,AR6 climate diagnostics|Infilled|Emissions|PFC|cC4F8,kt cC4F8/yr,NA,NA,NA,NA,NA,NA,NA,NA,NA,NA,NA,NA,NA,NA,NA,NA,NA,NA,NA,NA,1.2672,1.304749245071194,1.3424013647864186,1.3799506098576124,1.4174998549288065,1.4550491,1.3573569160251848,1.25993165058582,1.162506385146455,1.0650811197070902,0.9673889357322748,0.86996367029291,0.7725384048535451,0.6751131394141802,0.5774209554393649,0.47999569,0.4689467811966046,0.4578978723932091,0.4468186926067908,0.4357697838033953,0.424720875,0.4136719661966046,0.4025927864101862,0.3915438776067908,0.3804949688033954,0.36944606,0.359309535203942,0.3492007058308239,0.339091876457706,0.328983047084588,0.31884652228853,0.308737692915412,0.298628863542294,0.288520034169176,0.2783835093731179,0.26827468,0.2630768641182913,0.2578790482365827,0.2526669917634173,0.2474691758817086,0.24227136,0.2370735441182913,0.2318614876451259,0.2266636717634172,0.2214658558817086,0.21626804,0.2135061216424856,0.2107517495099918,0.2079973773774979,0.2052430052450041,0.2024810868874897,0.1997267147549959,0.196972342622502,0.1942179704900082,0.1914560521324938,0.18870168,0.186457814515334,0.1842139490306681,0.1819639359693318,0.1797200704846659,0.177476205,0.175232339515334,0.1729823264539978,0.1707384609693318,0.1684945954846659,0.16625073,0.1633179708978921,0.1603932247987955,0.1574684786996988,0.1545437326006022,0.1516109734984944,0.1486862273993977,0.1457614813003011,0.1428367352012045,0.1399039760990966,0.13697923,0.1340536840388828,0.1311281380777656,0.1281945769222344,0.1252690309611172,0.122343485,0.1194179390388828,0.1164843778833515,0.1135588319222344,0.1106332859611172,0.10770774
REMIND-MAgPIE 2.1-4.3,DeepElec_SSP2_ HighRE_Budg900,World,AR6 climate diagnostics|Infilled|Emissions|SF6,kt SF6/yr,NA,NA,NA,NA,NA,NA,NA,NA,NA,NA,NA,NA,NA,NA,NA,NA,NA,NA,NA,NA,8.02,7.877058539489351,7.734117078978701,7.591175618468052,7.448234157957402,7.305292697446752,6.508014089165234,5.710735480883716,4.913456872602197,4.116178264320678,3.3188996560391586,3.2376811086122506,3.156462561185342,3.075244013758434,2.9940254663315256,2.912806918904617,2.883709353089033,2.8546117872734493,2.825514221457865,2.7964166556422803,2.7673190898266964,2.7382215240111125,2.7091239581955286,2.6800263923799448,2.6509288265643605,2.6218312607487766,2.5804262468580506,2.539021232967324,2.4976162190765976,2.4562112051858715,2.4148061912951446,2.373374652731844,2.331943114168541,2.290511575605239,2.2490800370419373,2.207648498478634,2.191441923534859,2.175235348591084,2.159028773647308,2.142822198703532,2.1266156237597564,2.110409048815981,2.0942024738722056,2.077995898928429,2.0617893239846543,2.0455827490408782,2.0380895290382326,2.030596309035587,2.023103089032941,2.015609869030296,2.008116649027649,2.000623429025004,1.9931302090223573,1.985636989019712,1.9781437690170656,1.97065054901442,1.9519771795211005,1.9333038100277813,1.914630440534462,1.895957071041143,1.877283701547824,1.8586103320545049,1.8399369625611848,1.821263593067866,1.802590223574547,1.7839168540812276,1.7613045707104116,1.7386922873395951,1.7160800039687791,1.693467720597963,1.6708554372271467,1.6482431538563305,1.625630870485514,1.6030185871146978,1.5804063037438816,1.5577940203730654,1.5337361423468716,1.5096782643206774,1.4856203862944837,1.4615625082682897,1.4375046302420955,1.4134467522159015,1.389388874189708,1.3653309961635136,1.34127311813732,1.3172152401111257
REMIND-MAgPIE 2.1-4.3,DeepElec_SSP2_ HighRE_Budg900,World,AR6 climate diagnostics|Infilled|Emissions|SO2F2,kt SO2F2/yr,NA,NA,NA,NA,NA,NA,NA,NA,NA,NA,NA,NA,NA,NA,NA,NA,NA,NA,NA,NA,2.5317,2.606676676889375,2.681858769331873,2.7568354462212485,2.831812123110624,2.9067888,2.711652563618943,2.517049486353682,2.3224464090884203,2.1278433318231587,1.9327070954421024,1.7381040181768408,1.5435009409115794,1.348897863646318,1.153761627265261,0.95915855,0.9370661394304493,0.9149737288608982,0.8928207911391018,0.8707283805695509,0.84863597,0.8265435594304491,0.8043906217086528,0.7822982111391019,0.7602058005695509,0.73811339,0.7178545435724062,0.6976510491842322,0.677447554796058,0.657244060407884,0.6369852139802902,0.616781719592116,0.596578225203942,0.5763747308157678,0.5561158843881742,0.53591239,0.5255089275273823,0.5151054650547645,0.5046734999452355,0.4942700374726178,0.483866575,0.4734631125273822,0.4630311474178532,0.4526276849452355,0.4422242224726178,0.43182076,0.4263464760580345,0.4208871491760197,0.4154278222940049,0.4099684954119901,0.4044942114700247,0.3990348845880099,0.3935755577059951,0.3881162308239803,0.3826419468820148,0.37718262,0.3726684735049288,0.3681543270098576,0.3636278129901424,0.3591136664950712,0.35459952,0.3500853735049288,0.3455588594852136,0.3410447129901424,0.3365305664950712,0.33201642,0.3261725221461812,0.3203445912263892,0.3145166603065973,0.3086887293868053,0.3028448315329866,0.2970169006131946,0.2911889696934027,0.2853610387736107,0.2795171409197919,0.27368921,0.2678596832612267,0.2620301565224535,0.2561846584775465,0.2503551317387733,0.244525605,0.2386960782612267,0.2328505802163198,0.2270210534775465,0.2211915267387733,0.215362
REMIND-MAgPIE 2.1-4.3,DeepElec_SSP2_ HighRE_Budg900,World,AR6 climate diagnostics|Infilled|Emissions|Sulfur,Mt SO2/yr,NA,NA,NA,NA,NA,NA,NA,NA,NA,NA,NA,NA,NA,NA,NA,NA,NA,NA,NA,NA,100.771167,99.97380964583118,99.17878914792244,98.3861055062738,97.5957587208852,96.80774879175672,91.62597568292033,86.46376519427513,81.3211173258211,76.19803207755831,71.09450944948668,66.43797756051637,61.7993168799258,57.17852740771491,52.57560914388375,47.9905620884323,45.39593797371919,42.81130132320788,40.23665213689839,37.67199041479071,35.11731615688485,33.69459733758508,32.2773365291051,30.86553373144493,29.459188944604566,28.058302168584,26.935819530056,25.817681767646626,24.703888881355883,23.594440871183785,22.489337737130324,21.61637517787652,20.74681892423069,19.88066897619285,19.017925333763,18.158587996941144,17.963488117571988,17.7690434298905,17.57525393389667,17.3821196295905,17.189640516971995,17.028758635406874,16.868401775582278,16.708569937498197,16.549263121154635,16.39048132655159,16.218125071246728,16.046353783202633,15.875167462419302,15.70456610889674,15.534549722634942,15.36511830363391,15.196271851893648,15.02801036741415,14.860333850195422,14.69324230023746,14.579282899315132,14.465680203036934,14.35243421140287,14.239544924412929,14.127012342067117,14.01483646436544,13.903017291307885,13.79155482289446,13.680449059125165,13.5697,13.48763,13.40556,13.32349,13.241420000000002,13.15935,13.077280000000002,12.99521,12.913140000000002,12.83107,12.749,12.67286,12.59672,12.52058,12.444440000000002,12.3683,12.292160000000004,12.21602,12.139880000000002,12.06374,11.9876
REMIND-MAgPIE 2.1-4.3,DeepElec_SSP2_ HighRE_Budg900,World,AR6 climate diagnostics|Infilled|Emissions|VOC,Mt VOC/yr,NA,NA,NA,NA,NA,NA,NA,NA,NA,NA,NA,NA,NA,NA,NA,NA,NA,NA,NA,NA,227.2448193,225.8904934180226,224.54020765486965,223.19396201054107,221.8517564850369,220.5135910783572,218.14516895814856,215.7873515588164,213.4401388803605,211.10353092278112,208.7775276860781,205.4833343186971,202.20605816979824,198.9456992393815,195.70225752744687,192.4757330339944,187.15815844969293,181.87131868571103,176.6152137420489,171.38984361870632,166.19520831568337,161.22506943592393,156.2843741202921,151.37312236878793,146.49131418141135,141.6389495581624,138.05348117969012,134.48907007762713,130.9457162519735,127.42341970272912,123.92218042989404,121.53147442914864,119.15431501258796,116.79070218021192,114.44063593202056,112.10411626801393,111.50986935530116,110.91704243753856,110.3256355147261,109.73564858686382,109.14708165395166,108.79860849200136,108.44985120210735,108.10080978426964,107.7514842384882,107.40187456476303,107.07075394416032,106.73921271963486,106.40725089118668,106.0748684588158,105.74206542252216,105.40884178230584,105.07519753816676,104.74113269010492,104.4066472381204,104.07174118221316,103.7407306741586,103.40926700137692,103.07735016386808,102.74498016163204,102.41215699466883,102.07888066297848,101.74515116656096,101.41096850541624,101.07633267954436,100.74124368894532,100.19633442608404,99.6526133639314,99.1100805024874,98.568735841752,98.02857938172522,97.48961112240713,96.95183106379764,96.41523920589675,95.87983554870452,95.34562009222093,94.80463808920652,94.26490919358682,93.72643340536187,93.18921072453162,92.65324115109604,92.11852468505523,91.58506132640912,91.0528510751577,90.521893931301,89.99218989483903
REMIND-MAgPIE 2.1-4.3,DeepElec_SSP2_ HighRE_Budg900,World,AR6 climate diagnostics|Native-with-Infilled|Emissions|Kyoto Gases (AR5-GWP100),Mt CO2-equiv/yr,NA,NA,NA,NA,NA,NA,NA,NA,NA,NA,NA,NA,NA,NA,NA,NA,NA,NA,NA,NA,55545.00891890001,56152.259493574646,56759.572178645394,57366.94697409209,57974.38387982265,58581.88289579334,55770.40573441641,52958.81012758471,50147.09607540779,47335.26357769965,44523.31263452091,41745.71255583651,38968.01555271111,36190.22162514223,33412.33077321689,30634.342996799456,29102.5708222708,27570.77563704741,26038.95744114309,24507.116234541456,22975.25201724669,21908.56750424242,20841.87241070487,19775.166736661304,18708.45048209039,17641.723646997027,16819.296590245045,15996.860734969605,15174.416081179705,14351.962628860529,13529.500378002378,13028.840604783942,12528.173392641618,12027.498741555142,11526.816651583456,11026.12712269089,10744.244383846,10462.35613833266,10180.46238620166,9898.563127399735,9616.658361943368,9421.507436403625,9226.353135987869,9031.195460645442,8836.034410420638,8640.86998525272,8540.309087068203,8439.745408756198,8339.178950211688,8238.60971149322,8138.037692652228,8037.666032652945,7937.292041249401,7836.9157184176975,7736.537064175923,7636.156078494759,7570.3430353955055,7504.527998207251,7438.71096702731,7372.891941784356,7307.070922541971,7241.467846057164,7175.863028095016,7110.256468720828,7044.648167925101,6979.038125681863,6903.158257142795,6827.276835438719,6751.393860497071,6675.509332407614,6599.62325106947,6523.30734596034,6446.98956652812,6370.6699127559,6294.34838468892,6218.02498229355,6175.2689540377005,6132.51184867925,6089.75366628877,6046.99440677349,6004.234070261271,5961.42223211975,5918.6093169159,5875.795324675061,5832.98025534819,5790.164108952989
REMIND-MAgPIE 2.1-4.3,DeepElec_SSP2_ HighRE_Budg900,World,AR6 climate diagnostics|Native-with-Infilled|Emissions|Kyoto Gases (AR6-GWP100),Mt CO2-equiv/yr,NA,NA,NA,NA,NA,NA,NA,NA,NA,NA,NA,NA,NA,NA,NA,NA,NA,NA,NA,NA,55783.0247065,56408.05204899768,57033.148690421804,57658.31463075108,58283.54986987369,58908.85440774208,56084.76513816794,53260.54389641764,50436.19068262745,47611.705496571376,44787.0883383243,41982.917431924885,39178.63863723895,36374.25195426342,33569.75738310226,30765.154923594648,29225.05852281531,27684.93650753502,26144.78887777176,24604.6156335082,23064.416774745543,21998.467214644108,20932.50586866033,19866.53273682667,18800.547819117743,17734.551115538958,16912.850289721457,16091.1396664699,15269.419245796267,14447.68902768347,13625.94901211927,13125.745758519266,12625.5342245893,12125.314410306306,11625.086315738114,11124.849940843807,10843.395657321393,10561.93524559272,10280.468705720406,9998.996037639305,9717.51724136899,9522.643285213206,9327.765573645893,9132.884106607327,8937.99888414931,8743.109906201145,8642.754134740166,8542.395271517667,8442.033316408328,8341.668269481188,8241.300130797117,8141.166452733614,8041.030183611383,7940.891323402811,7840.749872126888,7740.605829752657,7674.881230427245,7609.154416430913,7543.4253878770705,7477.694144682978,7411.9606869228255,7346.483736794092,7281.004853870428,7215.524038229854,7150.04128985945,7084.556608728865,7008.688752974015,6932.819174554914,6856.947873389013,6781.074849579272,6705.2001030087895,6628.81894337878,6552.43570271902,6476.05038101271,6399.66297831093,6323.273494575129,6280.44962296238,6237.62455989465,6194.79830545556,6151.97085953669,6109.14222228566,6066.25272065291,6023.36202761177,5980.47014319227,5937.577067337949,5894.68280006946
